package	n_chapters	of_52	in_common
base	52	52	yes
cli	52	52	yes
compiler	52	52	yes
datasets	52	52	yes
digest	52	52	yes
evaluate	52	52	yes
fastmap	52	52	yes
grDevices	52	52	yes
graphics	52	52	yes
htmltools	52	52	yes
htmlwidgets	52	52	yes
jsonlite	52	52	yes
knitr	52	52	yes
methods	52	52	yes
rlang	52	52	yes
rmarkdown	52	52	yes
stats	52	52	yes
tools	52	52	yes
utils	52	52	yes
xfun	52	52	yes
here	50	52	yes
rprojroot	50	52	yes
R6	42	52	yes
lifecycle	42	52	yes
magrittr	42	52	yes
colorspace	41	52	yes
dplyr	41	52	yes
fansi	41	52	yes
forcats	41	52	yes
generics	41	52	yes
ggplot2	41	52	yes
glue	41	52	yes
grid	41	52	yes
gtable	41	52	yes
hms	41	52	yes
lubridate	41	52	yes
munsell	41	52	yes
pacman	41	52	yes
pillar	41	52	yes
pkgconfig	41	52	yes
purrr	41	52	yes
readr	41	52	yes
rio	41	52	yes
scales	41	52	yes
stringi	41	52	yes
stringr	41	52	yes
tibble	41	52	yes
tidyr	41	52	yes
tidyselect	41	52	yes
tidyverse	41	52	yes
timechange	41	52	yes
tzdb	41	52	yes
utf8	41	52	yes
vctrs	41	52	yes
withr	41	52	yes
R.methodsS3	40	52	yes
R.oo	40	52	yes
R.utils	40	52	yes
DT	39	52	yes
bslib	38	52	yes
cachem	38	52	yes
crosstalk	38	52	yes
jquerylib	38	52	yes
sass	38	52	yes
yaml	38	52	yes
farver	26	52	no
labeling	25	52	no
Rcpp	20	52	no
data.table	19	52	no
janitor	16	52	no
snakecase	16	52	no
lattice	13	52	no
RColorBrewer	11	52	no
ellipsis	11	52	no
xml2	11	52	no
xtable	11	52	no
MASS	10	52	no
backports	10	52	no
broom	10	52	no
curl	10	52	no
png	10	52	no
Matrix	9	52	no
crayon	9	52	no
splines	9	52	no
httpuv	8	52	no
later	8	52	no
mime	8	52	no
promises	8	52	no
shiny	8	52	no
systemfonts	8	52	no
viridisLite	8	52	no
nlme	7	52	no
askpass	6	52	no
broom.helpers	6	52	no
cellranger	6	52	no
commonmark	6	52	no
crul	6	52	no
flextable	6	52	no
fontBitstreamVera	6	52	no
fontLiberation	6	52	no
fontquiver	6	52	no
gdtools	6	52	no
gfonts	6	52	no
gt	6	52	no
gtsummary	6	52	no
httpcode	6	52	no
markdown	6	52	no
officer	6	52	no
openssl	6	52	no
ragg	6	52	no
readxl	6	52	no
survival	6	52	no
textshaping	6	52	no
uuid	6	52	no
zip	6	52	no
zoo	6	52	no
DBI	5	52	no
abind	5	52	no
base64enc	5	52	no
class	5	52	no
e1071	5	52	no
parallel	5	52	no
proxy	5	52	no
repr	5	52	no
rstudioapi	5	52	no
skimr	5	52	no
KernSmooth	4	52	no
apyramid	4	52	no
aweek	4	52	no
car	4	52	no
carData	4	52	no
classInt	4	52	no
cowplot	4	52	no
gridExtra	4	52	no
httr	4	52	no
igraph	4	52	no
lazyeval	4	52	no
patchwork	4	52	no
rstatix	4	52	no
sf	4	52	no
units	4	52	no
TTR	3	52	no
boot	3	52	no
codetools	3	52	no
epikit	3	52	no
fs	3	52	no
grates	3	52	no
incidence2	3	52	no
memoise	3	52	no
mgcv	3	52	no
nnet	3	52	no
plotly	3	52	no
plyr	3	52	no
polyclip	3	52	no
quantmod	3	52	no
slider	3	52	no
warp	3	52	no
xts	3	52	no
anytime	2	52	no
assertthat	2	52	no
coda	2	52	no
corrr	2	52	no
epicontacts	2	52	no
foreach	2	52	no
future	2	52	no
future.apply	2	52	no
ggforce	2	52	no
gghighlight	2	52	no
ggpubr	2	52	no
ggrepel	2	52	no
ggsignif	2	52	no
ggtext	2	52	no
globals	2	52	no
gridtext	2	52	no
iterators	2	52	no
kableExtra	2	52	no
listenv	2	52	no
lme4	2	52	no
lmtest	2	52	no
minqa	2	52	no
nloptr	2	52	no
parallelly	2	52	no
progressr	2	52	no
quadprog	2	52	no
rpart	2	52	no
svglite	2	52	no
tsibble	2	52	no
tweenr	2	52	no
visNetwork	2	52	no
Deriv	1	52	no
DiagrammeR	1	52	no
Epi	1	52	no
EpiEstim	1	52	no
EpiNow2	1	52	no
Formula	1	52	no
KMsurv	1	52	no
MCMCpack	1	52	no
MatrixModels	1	52	no
PHEindicatormethods	1	52	no
PerformanceAnalytics	1	52	no
Quandl	1	52	no
QuickJSR	1	52	no
RSQLite	1	52	no
RcppParallel	1	52	no
RecordLinkage	1	52	no
SemiCompRisks	1	52	no
SparseM	1	52	no
StanHeaders	1	52	no
UpSetR	1	52	no
V8	1	52	no
XML	1	52	no
ada	1	52	no
adagio	1	52	no
ape	1	52	no
aplot	1	52	no
arm	1	52	no
bayestestR	1	52	no
bit	1	52	no
bit64	1	52	no
blob	1	52	no
ciTools	1	52	no
cmprsk	1	52	no
coarseDataTools	1	52	no
correlation	1	52	no
datawizard	1	52	no
deldir	1	52	no
dichromat	1	52	no
distcrete	1	52	no
distributional	1	52	no
doBy	1	52	no
doParallel	1	52	no
dsr	1	52	no
easystats	1	52	no
ecmwfr	1	52	no
effectsize	1	52	no
epidict	1	52	no
epitabulate	1	52	no
epitrix	1	52	no
etm	1	52	no
evd	1	52	no
fabletools	1	52	no
fastLink	1	52	no
feasts	1	52	no
ff	1	52	no
fitdistrplus	1	52	no
flexdashboard	1	52	no
forecast	1	52	no
formatR	1	52	no
formattable	1	52	no
fracdiff	1	52	no
frailtypack	1	52	no
futile.logger	1	52	no
futile.options	1	52	no
ggExtra	1	52	no
ggfun	1	52	no
ggnewscale	1	52	no
ggplotify	1	52	no
ggtree	1	52	no
ggupset	1	52	no
glmnet	1	52	no
gridGraphics	1	52	no
gtools	1	52	no
haven	1	52	no
highcharter	1	52	no
highr	1	52	no
i2extras	1	52	no
imputeTS	1	52	no
incidence	1	52	no
inline	1	52	no
insight	1	52	no
ipred	1	52	no
isoband	1	52	no
jomo	1	52	no
km.ci	1	52	no
labelled	1	52	no
lambda.r	1	52	no
lava	1	52	no
loo	1	52	no
lpSolve	1	52	no
lwgeom	1	52	no
matchmaker	1	52	no
matrixStats	1	52	no
mcmc	1	52	no
mice	1	52	no
microbenchmark	1	52	no
miniUI	1	52	no
mitml	1	52	no
mitools	1	52	no
modelbased	1	52	no
naniar	1	52	no
networkD3	1	52	no
numDeriv	1	52	no
pan	1	52	no
parameters	1	52	no
parsedate	1	52	no
performance	1	52	no
pkgbuild	1	52	no
plotrix	1	52	no
polyCub	1	52	no
prodlim	1	52	no
projections	1	52	no
quantreg	1	52	no
report	1	52	no
reshape2	1	52	no
rlist	1	52	no
rootSolve	1	52	no
rstan	1	52	no
rstantools	1	52	no
runner	1	52	no
see	1	52	no
sessioninfo	1	52	no
shape	1	52	no
sitrep	1	52	no
sp	1	52	no
spatstat.data	1	52	no
spatstat.geom	1	52	no
spatstat.utils	1	52	no
srvyr	1	52	no
stars	1	52	no
statmod	1	52	no
stats4	1	52	no
stinepack	1	52	no
stringdist	1	52	no
survC1	1	52	no
survMisc	1	52	no
surveillance	1	52	no
survey	1	52	no
survminer	1	52	no
tidyquant	1	52	no
tidytree	1	52	no
timeDate	1	52	no
tmaptools	1	52	no
treeio	1	52	no
trending	1	52	no
truncnorm	1	52	no
tseries	1	52	no
urca	1	52	no
viridis	1	52	no
visdat	1	52	no
vistime	1	52	no
webshot	1	52	no
writexl	1	52	no
yardstick	1	52	no
yulab.utils	1	52	no
