chapter	n_packages	packages
age_pyramid	71	DT,R.methodsS3,R.oo,R.utils,R6,RColorBrewer,S7,apyramid,base,bslib,cachem,cli,compiler,crosstalk,data.table,datasets,dichromat,digest,dplyr,evaluate,farver,fastmap,forcats,generics,ggplot2,glue,grDevices,graphics,grid,gtable,here,hms,htmltools,htmlwidgets,janitor,jquerylib,jsonlite,knitr,labeling,lifecycle,lubridate,magrittr,methods,otel,pacman,pillar,pkgconfig,purrr,readr,rio,rlang,rmarkdown,rprojroot,sass,scales,snakecase,stats,stringi,stringr,tibble,tidyr,tidyselect,tidyverse,timechange,tools,tzdb,utils,vctrs,withr,xfun,yaml
basics	62	R.methodsS3,R.oo,R.utils,R6,RColorBrewer,S7,apyramid,base,cli,compiler,datasets,dichromat,digest,dplyr,evaluate,farver,fastmap,forcats,generics,ggplot2,glue,grDevices,graphics,grid,gtable,here,hms,htmltools,htmlwidgets,janitor,jsonlite,knitr,lifecycle,lubridate,magrittr,methods,otel,pacman,pillar,pkgconfig,purrr,readr,rio,rlang,rmarkdown,rprojroot,scales,snakecase,stats,stringi,stringr,tibble,tidyr,tidyselect,tidyverse,timechange,tools,tzdb,utils,vctrs,withr,xfun
characters_strings	67	DT,R.methodsS3,R.oo,R.utils,R6,RColorBrewer,S7,base,bslib,cachem,cli,compiler,crayon,crosstalk,datasets,dichromat,digest,dplyr,evaluate,farver,fastmap,forcats,generics,ggplot2,glue,grDevices,graphics,grid,gtable,here,hms,htmltools,htmlwidgets,jquerylib,jsonlite,knitr,lifecycle,lubridate,magrittr,methods,otel,pacman,pillar,pkgconfig,purrr,readr,rio,rlang,rmarkdown,rprojroot,sass,scales,stats,stringi,stringr,tibble,tidyr,tidyselect,tidyverse,timechange,tools,tzdb,utils,vctrs,withr,xfun,yaml
cleaning	88	DBI,DT,KernSmooth,R.methodsS3,R.oo,R.utils,R6,RColorBrewer,Rcpp,S7,base,base64enc,bslib,cachem,cellranger,class,classInt,cli,compiler,crosstalk,data.table,datasets,dichromat,digest,dplyr,e1071,epikit,evaluate,farver,fastmap,forcats,generics,ggplot2,glue,grDevices,graphics,grid,gtable,haven,here,hms,htmltools,htmlwidgets,janitor,jquerylib,jsonlite,knitr,lifecycle,lubridate,magrittr,matchmaker,methods,otel,pacman,pillar,pkgconfig,png,proxy,purrr,readr,readxl,repr,rio,rlang,rmarkdown,rprojroot,sass,scales,sf,skimr,snakecase,stats,stringi,stringr,tibble,tidyr,tidyselect,tidyverse,timechange,tools,tzdb,units,utf8,utils,vctrs,withr,xfun,yaml
collaboration	24	base,cli,compiler,datasets,digest,evaluate,fastmap,grDevices,graphics,here,htmltools,htmlwidgets,jsonlite,knitr,methods,otel,png,rlang,rmarkdown,rprojroot,stats,tools,utils,xfun
combination_analysis	72	DT,R.methodsS3,R.oo,R.utils,R6,RColorBrewer,Rcpp,S7,UpSetR,base,bslib,cachem,cli,compiler,crosstalk,datasets,dichromat,digest,dplyr,evaluate,farver,fastmap,forcats,generics,ggplot2,ggupset,glue,grDevices,graphics,grid,gridExtra,gtable,here,hms,htmltools,htmlwidgets,jquerylib,jsonlite,knitr,labeling,lifecycle,lubridate,magrittr,methods,otel,pacman,pillar,pkgconfig,plyr,purrr,readr,rio,rlang,rmarkdown,rprojroot,sass,scales,stats,stringi,stringr,tibble,tidyr,tidyselect,tidyverse,timechange,tools,tzdb,utils,vctrs,withr,xfun,yaml
contact_tracing	89	DBI,DT,KernSmooth,R.methodsS3,R.oo,R.utils,R6,RColorBrewer,Rcpp,S7,apyramid,base,bslib,cachem,class,classInt,cli,compiler,crosstalk,datasets,dichromat,digest,dplyr,e1071,epikit,evaluate,farver,fastmap,forcats,formattable,generics,ggplot2,glue,grDevices,graphics,grid,gtable,here,hms,htmltools,htmlwidgets,janitor,jquerylib,jsonlite,kableExtra,knitr,labeling,lifecycle,lubridate,magrittr,methods,otel,pacman,pillar,pkgconfig,proxy,purrr,readr,rio,rlang,rmarkdown,rprojroot,rstudioapi,sass,scales,sf,snakecase,stats,stringi,stringr,svglite,systemfonts,textshaping,tibble,tidyr,tidyselect,tidyverse,timechange,tools,tzdb,units,utf8,utils,vctrs,viridisLite,withr,xfun,xml2,yaml
data_table	62	R.methodsS3,R.oo,R.utils,R6,RColorBrewer,S7,base,cellranger,cli,compiler,data.table,datasets,dichromat,digest,dplyr,evaluate,farver,fastmap,forcats,generics,ggplot2,glue,grDevices,graphics,grid,gtable,here,hms,htmltools,htmlwidgets,jsonlite,knitr,lifecycle,lubridate,magrittr,methods,otel,pacman,pillar,pkgconfig,purrr,readr,readxl,rio,rlang,rmarkdown,rprojroot,scales,stats,stringi,stringr,tibble,tidyr,tidyselect,tidyverse,timechange,tools,tzdb,utils,vctrs,withr,xfun
data_used	24	base,cli,compiler,datasets,digest,evaluate,fastmap,grDevices,graphics,here,htmltools,htmlwidgets,jsonlite,knitr,methods,otel,png,rlang,rmarkdown,rprojroot,stats,tools,utils,xfun
dates	73	DT,R.methodsS3,R.oo,R.utils,R6,RColorBrewer,S7,aweek,base,bslib,cachem,cellranger,cli,compiler,crayon,crosstalk,datasets,dichromat,digest,dplyr,evaluate,farver,fastmap,forcats,generics,ggplot2,glue,grDevices,graphics,grid,gtable,here,hms,htmltools,htmlwidgets,jquerylib,jsonlite,knitr,lattice,lifecycle,lubridate,magrittr,methods,otel,pacman,parsedate,pillar,pkgconfig,purrr,readr,readxl,rio,rlang,rmarkdown,rprojroot,sass,scales,stats,stringi,stringr,tibble,tidyr,tidyselect,tidyverse,timechange,tools,tzdb,utils,vctrs,withr,xfun,yaml,zoo
deduplication	64	DT,R6,RColorBrewer,S7,base,bslib,cachem,cli,compiler,crosstalk,datasets,dichromat,digest,dplyr,evaluate,farver,fastmap,forcats,generics,ggplot2,glue,grDevices,graphics,grid,gtable,here,hms,htmltools,htmlwidgets,janitor,jquerylib,jsonlite,knitr,lifecycle,lubridate,magrittr,methods,otel,pacman,pillar,pkgconfig,purrr,readr,rlang,rmarkdown,rprojroot,sass,scales,snakecase,stats,stringi,stringr,tibble,tidyr,tidyselect,tidyverse,timechange,tools,tzdb,utils,vctrs,withr,xfun,yaml
diagrams	81	DT,DiagrammeR,R.methodsS3,R.oo,R.utils,R6,RColorBrewer,Rcpp,S7,assertthat,base,bslib,cachem,cli,compiler,crosstalk,data.table,data.tree,datasets,dichromat,digest,dplyr,evaluate,farver,fastmap,forcats,generics,ggplot2,ggrepel,glue,grDevices,graphics,grid,gtable,here,hms,htmltools,htmlwidgets,httr,igraph,jquerylib,jsonlite,knitr,lazyeval,lifecycle,lubridate,magrittr,methods,networkD3,otel,pacman,pillar,pkgconfig,plotly,purrr,readr,rio,rlang,rmarkdown,rprojroot,rstudioapi,sass,scales,stats,stringi,stringr,tibble,tidyr,tidyselect,tidyverse,timechange,tools,tzdb,utils,vctrs,viridisLite,visNetwork,vistime,withr,xfun,yaml
directories	66	DT,R6,RColorBrewer,S7,base,bslib,cachem,cli,compiler,crayon,crosstalk,datasets,dichromat,digest,dplyr,evaluate,farver,fastmap,forcats,fs,generics,ggplot2,glue,grDevices,graphics,grid,gtable,here,hms,htmltools,htmlwidgets,jquerylib,jsonlite,knitr,lifecycle,lubridate,magrittr,methods,otel,pacman,pillar,pkgconfig,png,purrr,readr,rio,rlang,rmarkdown,rprojroot,sass,scales,stats,stringi,stringr,tibble,tidyr,tidyselect,tidyverse,timechange,tools,tzdb,utils,vctrs,withr,xfun,yaml
editorial_style	22	base,cli,compiler,datasets,digest,evaluate,fastmap,grDevices,graphics,htmltools,htmlwidgets,jsonlite,knitr,methods,otel,rlang,rmarkdown,sessioninfo,stats,tools,utils,xfun
epicurves	78	BiocManager,DT,R.methodsS3,R.oo,R.utils,R6,RColorBrewer,S7,aweek,base,bslib,cachem,cli,compiler,cowplot,crosstalk,data.table,datasets,dichromat,digest,dplyr,evaluate,farver,fastmap,fastymd,forcats,generics,gghighlight,ggplot2,glue,grDevices,graphics,grates,grid,gtable,here,hms,htmltools,htmlwidgets,incidence2,jquerylib,jsonlite,knitr,labeling,lifecycle,lubridate,magrittr,methods,otel,pacman,pillar,pkgconfig,purrr,readr,rio,rlang,rmarkdown,rprojroot,sass,scales,slider,stats,stringi,stringr,tibble,tidyr,tidyselect,tidyverse,timechange,tools,tzdb,utils,vctrs,warp,withr,xfun,yaml,ympes
factors	63	R.methodsS3,R.oo,R.utils,R6,RColorBrewer,S7,aweek,base,cli,compiler,datasets,dichromat,digest,dplyr,evaluate,farver,fastmap,forcats,generics,ggplot2,glue,grDevices,graphics,grid,gtable,here,hms,htmltools,htmlwidgets,janitor,jsonlite,knitr,labeling,lifecycle,lubridate,magrittr,methods,otel,pacman,pillar,pkgconfig,purrr,readr,rio,rlang,rmarkdown,rprojroot,scales,snakecase,stats,stringi,stringr,tibble,tidyr,tidyselect,tidyverse,timechange,tools,tzdb,utils,vctrs,withr,xfun
flexdashboard	79	DT,R.methodsS3,R.oo,R.utils,R6,RColorBrewer,Rcpp,S7,base,bslib,cachem,cli,compiler,crosstalk,data.table,datasets,dichromat,digest,dplyr,evaluate,farver,fastmap,flexdashboard,forcats,generics,ggplot2,glue,grDevices,graphics,grid,gtable,here,hms,htmltools,htmlwidgets,httpuv,httr,jquerylib,jsonlite,knitr,later,lazyeval,lifecycle,lubridate,magrittr,methods,mime,otel,pacman,pillar,pkgconfig,plotly,promises,purrr,readr,rio,rlang,rmarkdown,rprojroot,sass,scales,shiny,stats,stringi,stringr,tibble,tidyr,tidyselect,tidyverse,timechange,tools,tzdb,utils,vctrs,viridisLite,withr,xfun,xtable,yaml
ggplot_basics	79	DT,MASS,Matrix,R.methodsS3,R.oo,R.utils,R6,RColorBrewer,S7,base,bslib,cachem,cli,compiler,crosstalk,datasets,dichromat,digest,dplyr,evaluate,farver,fastmap,forcats,generics,ggforce,ggplot2,glue,grDevices,graphics,grid,gtable,here,hms,htmltools,htmlwidgets,janitor,jquerylib,jsonlite,knitr,labeling,lattice,lifecycle,lubridate,magrittr,methods,mgcv,nlme,otel,pacman,pillar,pkgconfig,polyclip,purrr,readr,rio,rlang,rmarkdown,rprojroot,sass,scales,snakecase,splines,stats,stringi,stringr,tibble,tidyr,tidyselect,tidyverse,timechange,tools,tweenr,tzdb,utf8,utils,vctrs,withr,xfun,yaml
ggplot_tips	83	DT,MASS,R.methodsS3,R.oo,R.utils,R6,RColorBrewer,Rcpp,S7,base,bslib,cachem,cli,compiler,cowplot,crosstalk,datasets,dichromat,digest,dplyr,evaluate,farver,fastmap,forcats,generics,ggExtra,gghighlight,ggplot2,ggrepel,glue,grDevices,graphics,grid,gtable,here,hms,htmltools,htmlwidgets,httpuv,isoband,jquerylib,jsonlite,knitr,labeling,later,lifecycle,lubridate,magrittr,methods,mime,miniUI,otel,pacman,patchwork,pillar,pkgconfig,promises,purrr,readr,rio,rlang,rmarkdown,rprojroot,sass,scales,shiny,stats,stringi,stringr,tibble,tidyr,tidyselect,tidyverse,timechange,tools,tzdb,utils,vctrs,viridisLite,withr,xfun,xtable,yaml
grouping	69	DT,R.methodsS3,R.oo,R.utils,R6,RColorBrewer,S7,base,bslib,cachem,cli,compiler,crosstalk,datasets,dichromat,digest,dplyr,evaluate,farver,fastmap,forcats,generics,ggplot2,glue,grDevices,graphics,grid,gtable,here,hms,htmltools,htmlwidgets,janitor,jquerylib,jsonlite,knitr,lifecycle,lubridate,magrittr,methods,otel,pacman,pillar,pkgconfig,purrr,readr,rio,rlang,rmarkdown,rprojroot,sass,scales,snakecase,stats,stringi,stringr,tibble,tidyr,tidyselect,tidyverse,timechange,tools,tzdb,utf8,utils,vctrs,withr,xfun,yaml
heatmaps	67	DT,R.methodsS3,R.oo,R.utils,R6,RColorBrewer,S7,base,bslib,cachem,cli,compiler,crosstalk,datasets,dichromat,digest,dplyr,evaluate,farver,fastmap,forcats,generics,ggplot2,glue,grDevices,graphics,grid,gtable,here,hms,htmltools,htmlwidgets,jquerylib,jsonlite,knitr,labeling,lifecycle,lubridate,magrittr,methods,otel,pacman,pillar,pkgconfig,purrr,readr,rio,rlang,rmarkdown,rprojroot,sass,scales,stats,stringi,stringr,tibble,tidyr,tidyselect,tidyverse,timechange,tools,tzdb,utils,vctrs,withr,xfun,yaml
help	24	base,cli,compiler,datasets,digest,evaluate,fastmap,grDevices,graphics,here,htmltools,htmlwidgets,jsonlite,knitr,methods,otel,png,rlang,rmarkdown,rprojroot,stats,tools,utils,xfun
importing	67	DT,R.methodsS3,R.oo,R.utils,R6,RColorBrewer,S7,base,bslib,cachem,cli,compiler,crosstalk,datasets,dichromat,digest,dplyr,evaluate,farver,fastmap,forcats,fs,generics,ggplot2,glue,grDevices,graphics,grid,gtable,here,hms,htmltools,htmlwidgets,jquerylib,jsonlite,knitr,lifecycle,lubridate,magrittr,methods,otel,pacman,pillar,pkgconfig,purrr,readr,rio,rlang,rmarkdown,rprojroot,sass,scales,stats,stringi,stringr,tibble,tidyr,tidyselect,tidyverse,timechange,tools,tzdb,utils,vctrs,withr,xfun,yaml
index	23	base,cli,compiler,datasets,digest,evaluate,fastmap,grDevices,graphics,here,htmltools,htmlwidgets,jsonlite,knitr,methods,otel,rlang,rmarkdown,rprojroot,stats,tools,utils,xfun
interactive_plots	74	DT,R.methodsS3,R.oo,R.utils,R6,RColorBrewer,S7,aweek,base,bslib,cachem,cli,compiler,crosstalk,curl,data.table,datasets,dichromat,digest,dplyr,evaluate,farver,fastmap,forcats,generics,ggplot2,glue,grDevices,graphics,grid,gtable,here,hms,htmltools,htmlwidgets,httr,jquerylib,jsonlite,knitr,labeling,lazyeval,lifecycle,lubridate,magrittr,methods,otel,pacman,pillar,pkgconfig,plotly,purrr,readr,rio,rlang,rmarkdown,rprojroot,sass,scales,stats,stringi,stringr,tibble,tidyr,tidyselect,tidyverse,timechange,tools,tzdb,utils,vctrs,viridisLite,withr,xfun,yaml
iteration	87	DT,Formula,R.methodsS3,R.oo,R.utils,R6,RColorBrewer,S7,abind,backports,base,broom,bslib,cachem,car,carData,cellranger,cli,compiler,cowplot,crosstalk,data.table,datasets,dichromat,digest,dplyr,evaluate,farver,fastmap,fastymd,forcats,generics,ggplot2,ggpubr,ggsignif,glue,grDevices,graphics,grates,grid,gtable,here,hms,htmltools,htmlwidgets,incidence2,jquerylib,jsonlite,knitr,labeling,lifecycle,lubridate,magrittr,methods,otel,pacman,pillar,pkgconfig,png,purrr,readr,readxl,rio,rlang,rmarkdown,rprojroot,rstatix,sass,scales,stats,stringi,stringr,tibble,tidyr,tidyselect,tidyverse,timechange,tools,tzdb,utf8,utils,vctrs,withr,writexl,xfun,yaml,ympes
joining_matching	108	DBI,DT,MASS,Matrix,R.methodsS3,R.oo,R.utils,R6,RColorBrewer,RSQLite,Rcpp,RecordLinkage,S7,adagio,base,bit,bit64,blob,bslib,cachem,class,cli,codetools,compiler,crosstalk,data.table,datasets,dichromat,digest,doParallel,dplyr,e1071,evaluate,evd,farver,fastLink,fastmap,ff,forcats,foreach,future,future.apply,generics,ggplot2,globals,glue,grDevices,graphics,grid,gtable,gtools,here,hms,htmltools,htmlwidgets,ipred,iterators,jquerylib,jsonlite,knitr,lattice,lava,lifecycle,listenv,lpSolve,lubridate,magrittr,memoise,methods,nnet,otel,pacman,parallel,parallelly,pillar,pkgconfig,plotrix,prodlim,proxy,purrr,readr,rio,rlang,rmarkdown,rpart,rprojroot,sass,scales,splines,stats,stringdist,stringi,stringr,survival,tibble,tidyr,tidyselect,tidyverse,timechange,tools,tzdb,utf8,utils,vctrs,withr,xfun,xtable,yaml
missing_data	101	DT,MASS,Matrix,R.methodsS3,R.oo,R.utils,R6,RColorBrewer,Rcpp,Rdpack,S7,backports,base,boot,broom,bslib,cachem,cli,codetools,compiler,crosstalk,datasets,dichromat,digest,dplyr,evaluate,farver,fastmap,forcats,foreach,generics,ggplot2,glmnet,glue,grDevices,graphics,grid,gridExtra,gtable,here,hms,htmltools,htmlwidgets,iterators,jomo,jquerylib,jsonlite,knitr,labeling,lattice,lifecycle,lme4,lubridate,magrittr,methods,mice,minqa,mitml,naniar,nlme,nloptr,nnet,otel,pacman,pan,pillar,pkgconfig,purrr,rbibutils,readr,reformulas,rio,rlang,rmarkdown,rpart,rprojroot,sass,scales,shape,splines,stats,stats4,stringi,stringr,survival,tibble,tidyr,tidyselect,tidyverse,timechange,tools,tzdb,utf8,utils,vctrs,viridis,viridisLite,visdat,withr,xfun,yaml
moving_average	79	DT,PerformanceAnalytics,R.methodsS3,R.oo,R.utils,R6,RColorBrewer,RobStatTM,S7,TTR,base,bslib,cachem,cli,compiler,crosstalk,curl,datasets,dichromat,digest,dplyr,evaluate,farver,fastmap,forcats,generics,ggplot2,glue,grDevices,graphics,grid,gtable,here,hms,htmltools,htmlwidgets,jquerylib,jsonlite,knitr,labeling,lattice,lifecycle,lubridate,magrittr,methods,otel,pacman,pillar,pkgconfig,purrr,quadprog,quantmod,readr,rio,rlang,rmarkdown,rprojroot,sass,scales,slider,stats,stringi,stringr,tibble,tidyquant,tidyr,tidyselect,tidyverse,timechange,tools,tzdb,utils,vctrs,warp,withr,xfun,xts,yaml,zoo
network_drives	24	base,cli,compiler,datasets,digest,evaluate,fastmap,grDevices,graphics,here,htmltools,htmlwidgets,jsonlite,knitr,methods,otel,png,rlang,rmarkdown,rprojroot,stats,tools,utils,xfun
packages_suggested	21	base,cli,compiler,datasets,digest,evaluate,fastmap,grDevices,graphics,htmltools,htmlwidgets,jsonlite,knitr,methods,otel,rlang,rmarkdown,stats,tools,utils,xfun
phylogenetic_trees	93	DT,MASS,R.methodsS3,R.oo,R.utils,R6,RColorBrewer,Rcpp,S7,ape,aplot,base,bslib,cachem,cli,compiler,crosstalk,data.table,datasets,dichromat,digest,dplyr,evaluate,farver,fastmap,fontBitstreamVera,fontLiberation,fontquiver,forcats,fs,gdtools,generics,ggfun,ggiraph,ggnewscale,ggplot2,ggplotify,ggtree,glue,grDevices,graphics,grid,gridGraphics,gtable,here,hms,htmltools,htmlwidgets,jquerylib,jsonlite,knitr,labeling,lattice,lazyeval,lifecycle,lubridate,magrittr,methods,nlme,otel,pacman,parallel,patchwork,pillar,pkgconfig,purrr,rappdirs,readr,rio,rlang,rmarkdown,rprojroot,sass,scales,stats,stringi,stringr,systemfonts,tibble,tidyr,tidyselect,tidytree,tidyverse,timechange,tools,treeio,tzdb,utils,vctrs,withr,xfun,yaml,yulab.utils
pivoting	78	DT,R.methodsS3,R.oo,R.utils,R6,RColorBrewer,S7,base,bslib,cachem,cli,compiler,crosstalk,datasets,dichromat,digest,dplyr,evaluate,farver,fastmap,forcats,generics,ggplot2,glue,grDevices,graphics,grid,gtable,here,hms,htmltools,htmlwidgets,janitor,jquerylib,jsonlite,kableExtra,knitr,labeling,lifecycle,lubridate,magrittr,methods,otel,pacman,pillar,pkgconfig,png,purrr,readr,rio,rlang,rmarkdown,rprojroot,rstudioapi,sass,scales,snakecase,stats,stringi,stringr,svglite,systemfonts,textshaping,tibble,tidyr,tidyselect,tidyverse,timechange,tools,tzdb,utf8,utils,vctrs,viridisLite,withr,xfun,xml2,yaml
r_projects	23	base,cli,compiler,datasets,digest,evaluate,fastmap,grDevices,graphics,here,htmltools,htmlwidgets,jsonlite,knitr,methods,otel,rlang,rmarkdown,rprojroot,stats,tools,utils,xfun
regression	120	DT,Matrix,R.methodsS3,R.oo,R.utils,R6,RColorBrewer,Rcpp,S7,askpass,backports,base,base64enc,bayestestR,broom,broom.helpers,bslib,cachem,cards,cardx,cli,commonmark,compiler,correlation,crosstalk,data.table,datasets,datawizard,dichromat,digest,dplyr,easystats,effectsize,evaluate,farver,fastmap,flextable,fontBitstreamVera,fontLiberation,fontquiver,forcats,fs,gdtools,generics,ggplot2,glue,grDevices,graphics,grid,gt,gtable,gtsummary,haven,here,hms,htmltools,htmlwidgets,insight,janitor,jquerylib,jsonlite,knitr,labeling,labelled,lattice,lifecycle,litedown,lmtest,lubridate,magrittr,markdown,methods,mgcv,modelbased,nlme,officer,openssl,otel,pacman,parameters,patchwork,performance,pillar,pkgconfig,purrr,ragg,readr,report,rio,rlang,rmarkdown,rprojroot,rstudioapi,sass,scales,see,snakecase,splines,stats,stringi,stringr,systemfonts,textshaping,tibble,tidyr,tidyselect,tidyverse,timechange,tools,tzdb,utf8,utils,uuid,vctrs,withr,xfun,xml2,yaml,zip,zoo
reportfactory	24	base,cli,compiler,datasets,digest,evaluate,fastmap,grDevices,graphics,here,htmltools,htmlwidgets,jsonlite,knitr,methods,otel,png,rlang,rmarkdown,rprojroot,stats,tools,utils,xfun
rmarkdown	23	base,cli,compiler,datasets,digest,evaluate,fastmap,grDevices,graphics,here,htmltools,htmlwidgets,jsonlite,knitr,methods,otel,rlang,rmarkdown,rprojroot,stats,tools,utils,xfun
shiny_basics	63	DT,R.methodsS3,R.oo,R.utils,R6,RColorBrewer,S7,base,cli,compiler,datasets,dichromat,digest,dplyr,evaluate,farver,fastmap,forcats,generics,ggplot2,glue,grDevices,graphics,grid,gtable,here,hms,htmltools,htmlwidgets,jsonlite,knitr,labeling,lifecycle,lubridate,magrittr,methods,otel,pacman,pillar,pkgconfig,png,purrr,readr,rio,rlang,rmarkdown,rprojroot,scales,stats,stringi,stringr,tibble,tidyr,tidyselect,tidyverse,timechange,tools,tzdb,utf8,utils,vctrs,withr,xfun
standardization	70	DT,PHEindicatormethods,R.methodsS3,R.oo,R.utils,R6,RColorBrewer,S7,backports,base,broom,bslib,cachem,cli,compiler,crosstalk,data.table,datasets,dichromat,digest,dplyr,evaluate,farver,fastmap,forcats,generics,ggplot2,glue,grDevices,graphics,grid,gtable,here,hms,htmltools,htmlwidgets,jquerylib,jsonlite,knitr,lifecycle,lubridate,magrittr,methods,otel,pacman,pillar,pkgconfig,purrr,readr,rio,rlang,rmarkdown,rprojroot,sass,scales,stats,stringi,stringr,tibble,tidyr,tidyselect,tidyverse,timechange,tools,tzdb,utils,vctrs,withr,xfun,yaml
stat_tests	106	DT,Formula,R.methodsS3,R.oo,R.utils,R6,RColorBrewer,Rcpp,S7,abind,askpass,backports,base,base64enc,broom,bslib,cachem,car,carData,cards,cardx,cli,commonmark,compiler,corrr,crosstalk,data.table,datasets,dichromat,digest,dplyr,evaluate,farver,fastmap,flextable,fontBitstreamVera,fontLiberation,fontquiver,forcats,fs,gdtools,generics,ggplot2,glue,grDevices,graphics,grid,gt,gtable,gtsummary,here,hms,htmltools,htmlwidgets,janitor,jquerylib,jsonlite,knitr,labeling,lifecycle,litedown,lubridate,magrittr,markdown,methods,officer,openssl,otel,pacman,patchwork,pillar,pkgconfig,purrr,ragg,readr,repr,rio,rlang,rmarkdown,rprojroot,rstatix,sass,scales,skimr,snakecase,stats,stringi,stringr,systemfonts,textshaping,tibble,tidyr,tidyselect,tidyverse,timechange,tools,tzdb,utf8,utils,uuid,vctrs,withr,xfun,xml2,yaml,zip
survey_analysis	112	DBI,DT,KernSmooth,MASS,Matrix,R.methodsS3,R.oo,R.utils,R6,RColorBrewer,Rcpp,S7,anytime,apyramid,backports,base,base64enc,binom,broom,bslib,cachem,cards,cardx,cellranger,class,classInt,cli,clipr,commonmark,compiler,crosstalk,datasets,dichromat,digest,dplyr,e1071,epidict,epikit,epitabulate,evaluate,farver,fastmap,forcats,fs,generics,ggforce,ggplot2,glue,grDevices,graphics,grid,gt,gtable,gtsummary,here,hms,htmltools,htmlwidgets,jquerylib,jsonlite,knitr,labeling,lattice,lifecycle,litedown,lubridate,magrittr,markdown,methods,mitools,otel,pacman,patchwork,pillar,pkgconfig,polyclip,proxy,purrr,readr,readxl,rio,rlang,rmarkdown,rprojroot,sass,scales,sf,sitrep,splines,srvyr,stats,stringi,stringr,survey,survival,tibble,tidyr,tidyselect,tidyverse,timechange,tools,tsibble,tweenr,tzdb,units,utf8,utils,vctrs,withr,xfun,xml2,yaml
survival_analysis	105	DT,Epi,Formula,MASS,Matrix,R.methodsS3,R.oo,R.utils,R6,RColorBrewer,Rcpp,S7,SemiCompRisks,abind,backports,base,broom,bslib,cachem,car,carData,cli,cmprsk,commonmark,compiler,cowplot,crosstalk,data.table,datasets,dichromat,digest,dplyr,etm,evaluate,farver,fastmap,forcats,generics,ggplot2,ggpubr,ggsignif,ggtext,glue,grDevices,graphics,grid,gridExtra,gridtext,gtable,here,hms,htmltools,htmlwidgets,janitor,jquerylib,jsonlite,knitr,labeling,lattice,lifecycle,litedown,lubridate,magrittr,markdown,methods,mgcv,nlme,numDeriv,otel,pacman,parallel,pillar,pkgconfig,plyr,purrr,readr,rio,rlang,rmarkdown,rprojroot,rstatix,sass,scales,snakecase,splines,stats,stats4,stringi,stringr,survival,survminer,tibble,tidyr,tidyselect,tidyverse,timechange,tools,tzdb,utils,vctrs,withr,xfun,xml2,yaml,zoo
tables_descriptive	104	DT,Formula,R.methodsS3,R.oo,R.utils,R6,RColorBrewer,Rcpp,S7,abind,askpass,backports,base,base64enc,broom,bslib,cachem,car,carData,cards,cli,commonmark,compiler,crosstalk,data.table,datasets,dichromat,digest,dplyr,evaluate,farver,fastmap,flextable,fontBitstreamVera,fontLiberation,fontquiver,forcats,fs,gdtools,generics,ggplot2,glue,grDevices,graphics,grid,gt,gtable,gtsummary,here,hms,htmltools,htmlwidgets,janitor,jquerylib,jsonlite,knitr,labeling,lifecycle,litedown,lubridate,magrittr,markdown,methods,officer,openssl,otel,pacman,patchwork,pillar,pkgconfig,purrr,ragg,readr,repr,rio,rlang,rmarkdown,rprojroot,rstatix,sass,scales,skimr,snakecase,stats,stringi,stringr,systemfonts,textshaping,tibble,tidyr,tidyselect,tidyverse,timechange,tools,tzdb,utf8,utils,uuid,vctrs,withr,xfun,xml2,yaml,zip
tables_presentation	84	DT,R.methodsS3,R.oo,R.utils,R6,RColorBrewer,Rcpp,S7,askpass,base,bslib,cachem,cli,compiler,crosstalk,data.table,datasets,dichromat,digest,dplyr,evaluate,farver,fastmap,flextable,fontBitstreamVera,fontLiberation,fontquiver,forcats,gdtools,generics,ggplot2,glue,grDevices,graphics,grid,gtable,here,hms,htmltools,htmlwidgets,jquerylib,jsonlite,knitr,lifecycle,lubridate,magrittr,methods,officer,openssl,otel,pacman,patchwork,pillar,pkgconfig,purrr,ragg,readr,rio,rlang,rmarkdown,rprojroot,sass,scales,stats,stringi,stringr,systemfonts,textshaping,tibble,tidyr,tidyselect,tidyverse,timechange,tools,tzdb,utf8,utils,uuid,vctrs,withr,xfun,xml2,yaml,zip
time_series	135	CFtime,DBI,DT,KernSmooth,MASS,Matrix,R.methodsS3,R.oo,R.utils,R6,RColorBrewer,Rcpp,Rdpack,S7,XML,abind,anytime,arm,base,boot,bslib,cachem,cellranger,ciTools,class,classInt,cli,coda,colorspace,compiler,crosstalk,datasets,deldir,dichromat,digest,distributional,dplyr,e1071,ecmwfr,evaluate,fabletools,farver,fastmap,feasts,forcats,forecast,fracdiff,generics,ggplot2,ggtext,ggtime,glue,grDevices,graphics,grid,gridtext,gtable,here,hms,htmltools,htmlwidgets,httr,imputeTS,jquerylib,jsonlite,knitr,labeling,lattice,lifecycle,lme4,lubridate,lwgeom,magrittr,memoise,methods,minqa,nlme,nloptr,otel,pacman,parallel,pillar,pkgconfig,polyCub,polyclip,progressr,proxy,purrr,rbibutils,readr,readxl,reformulas,rio,rlang,rmarkdown,rprojroot,sass,scales,sf,slider,sp,spatstat.data,spatstat.geom,spatstat.univar,spatstat.utils,splines,stars,stats,stinepack,stringi,stringr,surveillance,tibble,tidyr,tidyselect,tidyverse,timeDate,timechange,tmaptools,tools,trending,tsibble,tzdb,units,urca,utils,vctrs,warp,withr,xfun,xml2,xtable,yaml,yardstick,zoo
transition_to_R	37	DT,R.methodsS3,R.oo,R.utils,R6,base,bslib,cachem,cli,compiler,crosstalk,datasets,digest,evaluate,fastmap,grDevices,graphics,here,htmltools,htmlwidgets,jquerylib,jsonlite,knitr,lifecycle,magrittr,methods,otel,rio,rlang,rmarkdown,rprojroot,sass,stats,tools,utils,xfun,yaml
transmission_chains	72	DT,R.methodsS3,R.oo,R.utils,R6,RColorBrewer,S7,base,bslib,cachem,cli,compiler,crosstalk,datasets,dichromat,digest,dplyr,epicontacts,evaluate,farver,fastmap,forcats,generics,ggplot2,glue,grDevices,graphics,grid,gtable,here,hms,htmltools,htmlwidgets,igraph,jquerylib,jsonlite,knitr,labeling,lifecycle,lubridate,magrittr,methods,otel,pacman,pillar,pkgconfig,purrr,readr,rio,rlang,rmarkdown,rprojroot,sass,scales,stats,stringi,stringr,tibble,tidyr,tidyselect,tidyverse,timechange,tools,tzdb,utf8,utils,vctrs,visNetwork,webshot,withr,xfun,yaml
writing_functions	100	DT,R.methodsS3,R.oo,R.utils,R6,RColorBrewer,Rcpp,S7,TTR,askpass,assertthat,backports,base,base64enc,broom,bslib,cachem,cli,compiler,crosstalk,curl,data.table,datasets,dichromat,digest,dplyr,evaluate,farver,fastmap,flextable,fontBitstreamVera,fontLiberation,fontquiver,forcats,gdtools,generics,ggplot2,glue,grDevices,graphics,grid,gtable,gtsummary,here,highcharter,hms,htmltools,htmlwidgets,janitor,jquerylib,jsonlite,knitr,lattice,lifecycle,lubridate,magrittr,methods,officer,openssl,otel,pacman,patchwork,pillar,pkgconfig,purrr,quantmod,ragg,readr,repr,rio,rlang,rlist,rmarkdown,rprojroot,sass,scales,skimr,snakecase,stats,stringi,stringr,systemfonts,textshaping,tibble,tidyr,tidyselect,tidyverse,timechange,tools,tzdb,utils,uuid,vctrs,withr,xfun,xml2,xts,yaml,zip,zoo
