package	n_chapters	of_48	in_common
base	48	48	yes
cli	48	48	yes
compiler	48	48	yes
datasets	48	48	yes
digest	48	48	yes
evaluate	48	48	yes
fastmap	48	48	yes
grDevices	48	48	yes
graphics	48	48	yes
htmltools	48	48	yes
htmlwidgets	48	48	yes
jsonlite	48	48	yes
knitr	48	48	yes
methods	48	48	yes
otel	48	48	yes
rlang	48	48	yes
rmarkdown	48	48	yes
stats	48	48	yes
tools	48	48	yes
utils	48	48	yes
xfun	48	48	yes
here	46	48	yes
rprojroot	46	48	yes
R6	38	48	yes
lifecycle	38	48	yes
magrittr	38	48	yes
RColorBrewer	37	48	yes
S7	37	48	yes
dichromat	37	48	yes
dplyr	37	48	yes
farver	37	48	yes
forcats	37	48	yes
generics	37	48	yes
ggplot2	37	48	yes
glue	37	48	yes
grid	37	48	yes
gtable	37	48	yes
hms	37	48	yes
lubridate	37	48	yes
pacman	37	48	yes
pillar	37	48	yes
pkgconfig	37	48	yes
purrr	37	48	yes
readr	37	48	yes
rio	37	48	yes
scales	37	48	yes
stringi	37	48	yes
stringr	37	48	yes
tibble	37	48	yes
tidyr	37	48	yes
tidyselect	37	48	yes
tidyverse	37	48	yes
timechange	37	48	yes
tzdb	37	48	yes
vctrs	37	48	yes
withr	37	48	yes
R.methodsS3	36	48	yes
R.oo	36	48	yes
R.utils	36	48	yes
DT	35	48	yes
bslib	34	48	yes
cachem	34	48	yes
crosstalk	34	48	yes
jquerylib	34	48	yes
sass	34	48	yes
yaml	34	48	yes
labeling	22	48	no
Rcpp	17	48	no
data.table	17	48	no
utf8	15	48	no
janitor	14	48	no
snakecase	14	48	no
lattice	11	48	no
png	10	48	no
xml2	10	48	no
backports	9	48	no
broom	9	48	no
MASS	8	48	no
patchwork	8	48	no
systemfonts	8	48	no
Matrix	7	48	no
fs	7	48	no
splines	7	48	no
textshaping	7	48	no
viridisLite	7	48	no
base64enc	6	48	no
cellranger	6	48	no
fontBitstreamVera	6	48	no
fontLiberation	6	48	no
fontquiver	6	48	no
gdtools	6	48	no
nlme	6	48	no
readxl	6	48	no
zoo	6	48	no
DBI	5	48	no
abind	5	48	no
askpass	5	48	no
class	5	48	no
commonmark	5	48	no
e1071	5	48	no
flextable	5	48	no
gtsummary	5	48	no
litedown	5	48	no
markdown	5	48	no
officer	5	48	no
openssl	5	48	no
proxy	5	48	no
ragg	5	48	no
uuid	5	48	no
zip	5	48	no
Formula	4	48	no
KernSmooth	4	48	no
apyramid	4	48	no
aweek	4	48	no
car	4	48	no
carData	4	48	no
cards	4	48	no
classInt	4	48	no
cowplot	4	48	no
gt	4	48	no
httr	4	48	no
lazyeval	4	48	no
parallel	4	48	no
repr	4	48	no
rstatix	4	48	no
rstudioapi	4	48	no
sf	4	48	no
skimr	4	48	no
survival	4	48	no
units	4	48	no
xtable	4	48	no
cardx	3	48	no
crayon	3	48	no
curl	3	48	no
epikit	3	48	no
gridExtra	3	48	no
mgcv	3	48	no
plotly	3	48	no
polyclip	3	48	no
slider	3	48	no
warp	3	48	no
Rdpack	2	48	no
TTR	2	48	no
anytime	2	48	no
assertthat	2	48	no
boot	2	48	no
codetools	2	48	no
fastymd	2	48	no
foreach	2	48	no
ggforce	2	48	no
gghighlight	2	48	no
ggpubr	2	48	no
ggrepel	2	48	no
ggsignif	2	48	no
ggtext	2	48	no
grates	2	48	no
gridtext	2	48	no
haven	2	48	no
httpuv	2	48	no
igraph	2	48	no
incidence2	2	48	no
iterators	2	48	no
kableExtra	2	48	no
later	2	48	no
lme4	2	48	no
memoise	2	48	no
mime	2	48	no
minqa	2	48	no
nloptr	2	48	no
nnet	2	48	no
plyr	2	48	no
promises	2	48	no
quantmod	2	48	no
rbibutils	2	48	no
reformulas	2	48	no
rpart	2	48	no
shiny	2	48	no
stats4	2	48	no
svglite	2	48	no
tsibble	2	48	no
tweenr	2	48	no
visNetwork	2	48	no
xts	2	48	no
ympes	2	48	no
BiocManager	1	48	no
CFtime	1	48	no
DiagrammeR	1	48	no
Epi	1	48	no
PHEindicatormethods	1	48	no
PerformanceAnalytics	1	48	no
RSQLite	1	48	no
RecordLinkage	1	48	no
RobStatTM	1	48	no
SemiCompRisks	1	48	no
UpSetR	1	48	no
XML	1	48	no
adagio	1	48	no
ape	1	48	no
aplot	1	48	no
arm	1	48	no
bayestestR	1	48	no
binom	1	48	no
bit	1	48	no
bit64	1	48	no
blob	1	48	no
broom.helpers	1	48	no
ciTools	1	48	no
clipr	1	48	no
cmprsk	1	48	no
coda	1	48	no
colorspace	1	48	no
correlation	1	48	no
corrr	1	48	no
data.tree	1	48	no
datawizard	1	48	no
deldir	1	48	no
distributional	1	48	no
doParallel	1	48	no
easystats	1	48	no
ecmwfr	1	48	no
effectsize	1	48	no
epicontacts	1	48	no
epidict	1	48	no
epitabulate	1	48	no
etm	1	48	no
evd	1	48	no
fabletools	1	48	no
fastLink	1	48	no
feasts	1	48	no
ff	1	48	no
flexdashboard	1	48	no
forecast	1	48	no
formattable	1	48	no
fracdiff	1	48	no
future	1	48	no
future.apply	1	48	no
ggExtra	1	48	no
ggfun	1	48	no
ggiraph	1	48	no
ggnewscale	1	48	no
ggplotify	1	48	no
ggtime	1	48	no
ggtree	1	48	no
ggupset	1	48	no
glmnet	1	48	no
globals	1	48	no
gridGraphics	1	48	no
gtools	1	48	no
highcharter	1	48	no
imputeTS	1	48	no
insight	1	48	no
ipred	1	48	no
isoband	1	48	no
jomo	1	48	no
labelled	1	48	no
lava	1	48	no
listenv	1	48	no
lmtest	1	48	no
lpSolve	1	48	no
lwgeom	1	48	no
matchmaker	1	48	no
mice	1	48	no
miniUI	1	48	no
mitml	1	48	no
mitools	1	48	no
modelbased	1	48	no
naniar	1	48	no
networkD3	1	48	no
numDeriv	1	48	no
pan	1	48	no
parallelly	1	48	no
parameters	1	48	no
parsedate	1	48	no
performance	1	48	no
plotrix	1	48	no
polyCub	1	48	no
prodlim	1	48	no
progressr	1	48	no
quadprog	1	48	no
rappdirs	1	48	no
report	1	48	no
rlist	1	48	no
see	1	48	no
sessioninfo	1	48	no
shape	1	48	no
sitrep	1	48	no
sp	1	48	no
spatstat.data	1	48	no
spatstat.geom	1	48	no
spatstat.univar	1	48	no
spatstat.utils	1	48	no
srvyr	1	48	no
stars	1	48	no
stinepack	1	48	no
stringdist	1	48	no
surveillance	1	48	no
survey	1	48	no
survminer	1	48	no
tidyquant	1	48	no
tidytree	1	48	no
timeDate	1	48	no
tmaptools	1	48	no
treeio	1	48	no
trending	1	48	no
urca	1	48	no
viridis	1	48	no
visdat	1	48	no
vistime	1	48	no
webshot	1	48	no
writexl	1	48	no
yardstick	1	48	no
yulab.utils	1	48	no
