chapter	path	kind	status	render_bytes	ref_bytes	render_sha16	ref_sha16	dimensions_match	pixel_diff_pct	pixels_differing	pixels_total	allowlisted	classification
age_pyramid	figure-html/unnamed-chunk-10-1.png	image	match	144024	144024	8959ec35e88049f6	8959ec35e88049f6	NA	NA	NA	NA	no	
age_pyramid	figure-html/unnamed-chunk-11-1.png	image	match	87268	87268	2af2e33492569a29	2af2e33492569a29	NA	NA	NA	NA	no	
age_pyramid	figure-html/unnamed-chunk-12-1.png	image	match	75727	75727	42725a45e3b70a61	42725a45e3b70a61	NA	NA	NA	NA	no	
age_pyramid	figure-html/unnamed-chunk-17-1.png	image	match	69431	69431	acf05bba07bb8a80	acf05bba07bb8a80	NA	NA	NA	NA	no	
age_pyramid	figure-html/unnamed-chunk-19-1.png	image	match	31809	31809	4ac28786539da1b7	4ac28786539da1b7	NA	NA	NA	NA	no	
age_pyramid	figure-html/unnamed-chunk-22-1.png	image	mismatch	67609	67751	fad4134f8ca90142	020f6f908176d95b	yes	0.0130	168	1290240	yes	allowlisted (source-inspection-only) -- README.md 'Generated assets (figures) vs. book': Sys.Date() interpolated into a plot caption string -- same render-date root cause independently confirmed for dates/index/directories (page-text checks); not re-verified here by a dedicated re-render test of this specific image
age_pyramid	figure-html/unnamed-chunk-33-1.png	image	match	90575	90575	fdf95652bc880998	fdf95652bc880998	NA	NA	NA	NA	no	
age_pyramid	figure-html/unnamed-chunk-39-1.png	image	match	86659	86659	63c1dbb0c50c3182	63c1dbb0c50c3182	NA	NA	NA	NA	no	
age_pyramid	figure-html/unnamed-chunk-7-1.png	image	match	16625	16625	023714632519e660	023714632519e660	NA	NA	NA	NA	no	
age_pyramid	figure-html/unnamed-chunk-8-1.png	image	match	69170	69170	b34b28704b1a15dc	b34b28704b1a15dc	NA	NA	NA	NA	no	
age_pyramid	figure-html/unnamed-chunk-9-1.png	image	match	67330	67330	8af4378349cc6688	8af4378349cc6688	NA	NA	NA	NA	no	
basics	figure-html/unnamed-chunk-6-1.png	image	match	69170	69170	b34b28704b1a15dc	b34b28704b1a15dc	NA	NA	NA	NA	no	
basics	figure-html/unnamed-chunk-7-1.png	image	match	69170	69170	b34b28704b1a15dc	b34b28704b1a15dc	NA	NA	NA	NA	no	
basics	figure-html/unnamed-chunk-8-1.png	image	match	67367	67367	b216546e0464ef78	b216546e0464ef78	NA	NA	NA	NA	no	
cleaning	figure-html/unnamed-chunk-69-1.png	image	match	17705	17705	06b26f780e58cf50	06b26f780e58cf50	NA	NA	NA	NA	no	
cleaning	figure-html/unnamed-chunk-87-1.png	image	match	22168	22168	4b15043eee66ef61	4b15043eee66ef61	NA	NA	NA	NA	no	
combination_analysis	figure-html/unnamed-chunk-1-1.png	image	mismatch	47344	48060	aefa0d670b669f30	fc276bfb0c5d6acf	yes	2.7228	35131	1290240	yes	allowlisted (source-inspection-only) -- README.md 'Generated assets (figures) vs. book': sample(c("yes","no"), ..., prob=...) generates the chapter's demo symptom columns fresh every render; no set.seed() anywhere in the chapter source
combination_analysis	figure-html/unnamed-chunk-10-1.png	image	match	35639	35639	430d499063285d73	430d499063285d73	NA	NA	NA	NA	no	
combination_analysis	figure-html/unnamed-chunk-14-1.png	image	match	24014	24014	59543951731febe4	59543951731febe4	NA	NA	NA	NA	no	
contact_tracing	figure-html/unnamed-chunk-10-1.png	image	match	65838	65838	22b1c92d8d9a2b98	22b1c92d8d9a2b98	NA	NA	NA	NA	no	
contact_tracing	figure-html/unnamed-chunk-12-1.png	image	match	69008	69008	8241ad498d227e2b	8241ad498d227e2b	NA	NA	NA	NA	no	
contact_tracing	figure-html/unnamed-chunk-13-1.png	image	match	65053	65053	1c07ed06f09bce5b	1c07ed06f09bce5b	NA	NA	NA	NA	no	
contact_tracing	figure-html/unnamed-chunk-15-1.png	image	match	18546	18546	83768328eeed5f06	83768328eeed5f06	NA	NA	NA	NA	no	
contact_tracing	figure-html/unnamed-chunk-20-1.png	image	match	47959	47959	34144c5e22303d60	34144c5e22303d60	NA	NA	NA	NA	no	
contact_tracing	figure-html/unnamed-chunk-21-1.png	image	match	190666	190666	ac59e97361633870	ac59e97361633870	NA	NA	NA	NA	no	
contact_tracing	figure-html/unnamed-chunk-22-1.png	image	match	56079	56079	c62c8c8d6c333813	c62c8c8d6c333813	NA	NA	NA	NA	no	
contact_tracing	figure-html/unnamed-chunk-35-1.png	image	match	73518	73518	86d7a5e28ef5d7eb	86d7a5e28ef5d7eb	NA	NA	NA	NA	no	
epicurves	figure-html/ggplot_simple-1.png	image	match	25207	25207	59ba7c05e3580d0a	59ba7c05e3580d0a	NA	NA	NA	NA	no	
epicurves	figure-html/ggplot_simple-2.png	image	match	21908	21908	460b69232a089874	460b69232a089874	NA	NA	NA	NA	no	
epicurves	figure-html/unnamed-chunk-14-1.png	image	match	18450	18450	b3d63306270a60d1	b3d63306270a60d1	NA	NA	NA	NA	no	
epicurves	figure-html/unnamed-chunk-18-1.png	image	match	79566	79566	c707726d904b98e2	c707726d904b98e2	NA	NA	NA	NA	no	
epicurves	figure-html/unnamed-chunk-21-1.png	image	match	61908	61908	c94eaa5e4b885c44	c94eaa5e4b885c44	NA	NA	NA	NA	no	
epicurves	figure-html/unnamed-chunk-22-1.png	image	match	56753	56753	c88ef97a9b3203ce	c88ef97a9b3203ce	NA	NA	NA	NA	no	
epicurves	figure-html/unnamed-chunk-24-1.png	image	match	84061	84061	c73a9b620b6d9234	c73a9b620b6d9234	NA	NA	NA	NA	no	
epicurves	figure-html/unnamed-chunk-25-1.png	image	match	60769	60769	5ebba6c9fe003c7f	5ebba6c9fe003c7f	NA	NA	NA	NA	no	
epicurves	figure-html/unnamed-chunk-28-1.png	image	match	58635	58635	07d830af6dc46b87	07d830af6dc46b87	NA	NA	NA	NA	no	
epicurves	figure-html/unnamed-chunk-28-2.png	image	match	64043	64043	57d0ce3de3d6b0be	57d0ce3de3d6b0be	NA	NA	NA	NA	no	
epicurves	figure-html/unnamed-chunk-28-3.png	image	match	57258	57258	f9f8ba95d5781634	f9f8ba95d5781634	NA	NA	NA	NA	no	
epicurves	figure-html/unnamed-chunk-28-4.png	image	match	58782	58782	73c5932870a3fc59	73c5932870a3fc59	NA	NA	NA	NA	no	
epicurves	figure-html/unnamed-chunk-28-5.png	image	match	58267	58267	1746163b3fb7289f	1746163b3fb7289f	NA	NA	NA	NA	no	
epicurves	figure-html/unnamed-chunk-30-1.png	image	match	25285	25285	0d121126bdd75396	0d121126bdd75396	NA	NA	NA	NA	no	
epicurves	figure-html/unnamed-chunk-33-1.png	image	match	61948	61948	671c8f512d7180b0	671c8f512d7180b0	NA	NA	NA	NA	no	
epicurves	figure-html/unnamed-chunk-34-1.png	image	match	81407	81407	9a0a982ff2ac4764	9a0a982ff2ac4764	NA	NA	NA	NA	no	
epicurves	figure-html/unnamed-chunk-36-1.png	image	match	111927	111927	1a4e6df411164366	1a4e6df411164366	NA	NA	NA	NA	no	
epicurves	figure-html/unnamed-chunk-37-1.png	image	match	97830	97830	74a4340ca887ac94	74a4340ca887ac94	NA	NA	NA	NA	no	
epicurves	figure-html/unnamed-chunk-40-1.png	image	match	149324	149324	bbff41bb586f4e6c	bbff41bb586f4e6c	NA	NA	NA	NA	no	
epicurves	figure-html/unnamed-chunk-41-1.png	image	match	62721	62721	bb2a93558a6f9d0a	bb2a93558a6f9d0a	NA	NA	NA	NA	no	
epicurves	figure-html/unnamed-chunk-43-1.png	image	match	47658	47658	9671e5c32b85b32d	9671e5c32b85b32d	NA	NA	NA	NA	no	
epicurves	figure-html/unnamed-chunk-44-1.png	image	match	46015	46015	db7e99df6dc98ecb	db7e99df6dc98ecb	NA	NA	NA	NA	no	
epicurves	figure-html/unnamed-chunk-46-1.png	image	match	77494	77494	2dbc4478f909cf4d	2dbc4478f909cf4d	NA	NA	NA	NA	no	
epicurves	figure-html/unnamed-chunk-48-1.png	image	match	49515	49515	5c64e28e1b276d48	5c64e28e1b276d48	NA	NA	NA	NA	no	
epicurves	figure-html/unnamed-chunk-51-1.png	image	match	45805	45805	ae6d8fea286e1ced	ae6d8fea286e1ced	NA	NA	NA	NA	no	
epicurves	figure-html/unnamed-chunk-53-1.png	image	match	61391	61391	d797c1a354072ea5	d797c1a354072ea5	NA	NA	NA	NA	no	
epicurves	figure-html/unnamed-chunk-8-1.png	image	match	17013	17013	1d8a25e94b3a0927	1d8a25e94b3a0927	NA	NA	NA	NA	no	
epidemic_models	figure-html/epidemic_models_epiestim_config_late_run-1.png	image	match	47757	47757	0f8773f7f0ed036e	0f8773f7f0ed036e	NA	NA	NA	NA	no	
epidemic_models	figure-html/epidemic_models_epiestim_emp-1.png	image	match	43630	43630	d8679f1975da172a	d8679f1975da172a	NA	NA	NA	NA	no	
epidemic_models	figure-html/epidemic_models_epiestim_lit_plot-1.png	image	match	43633	43633	ce4b0b721ce468a7	ce4b0b721ce468a7	NA	NA	NA	NA	no	
epidemic_models	figure-html/epidemic_models_epiestim_plot_full-1.png	image	match	154447	154447	4d32512c3cb96052	4d32512c3cb96052	NA	NA	NA	NA	no	
epidemic_models	figure-html/epidemic_models_episoon-1.png	image	match	64251	64251	e2e6dd6e7782f54b	e2e6dd6e7782f54b	NA	NA	NA	NA	no	
epidemic_models	figure-html/epidemic_models_plot_epinow_cusotom-1.png	image	match	74814	74814	3e2c297db89ed049	3e2c297db89ed049	NA	NA	NA	NA	no	
epidemic_models	figure-html/epidemic_models_plot_projection-1.png	image	mismatch	77464	67697	9ae10c1c3e3c475c	d045570299193a30	yes	0.8311	33090	3981312	yes	allowlisted (confirmed) -- README.md 'Task 1: settling run-to-run vs. instrumentation': A/A re-render test + set.seed() experiment directly proved unseeded rgamma()/project(), run-to-run
epidemic_models	figure-html/epidemic_models_projection_setup-1.png	image	mismatch	15679	15959	731552db0b65e869	05801f5b9343dd1b	yes	16.4060	211677	1290240	yes	allowlisted (confirmed) -- README.md 'Task 1: settling run-to-run vs. instrumentation': A/A re-render test + set.seed() experiment directly proved unseeded rgamma()/project(), run-to-run
epidemic_models	figure-html/epidemic_models_projections_distcrete_plot-1.png	image	match	18633	18633	d382d3b8185519a1	d382d3b8185519a1	NA	NA	NA	NA	no	
epidemic_models	figure-html/unnamed-chunk-1-1.png	image	match	267677	267677	ee8e0ba741b5eed9	ee8e0ba741b5eed9	NA	NA	NA	NA	no	
epidemic_models	figure-html/unnamed-chunk-4-1.png	image	match	267677	267677	ee8e0ba741b5eed9	ee8e0ba741b5eed9	NA	NA	NA	NA	no	
factors	figure-html/unnamed-chunk-12-1.png	image	match	18202	18202	c9d45bafb846c659	c9d45bafb846c659	NA	NA	NA	NA	no	
factors	figure-html/unnamed-chunk-18-1.png	image	match	18643	18643	f857f2f7a1cbd820	f857f2f7a1cbd820	NA	NA	NA	NA	no	
factors	figure-html/unnamed-chunk-18-2.png	image	match	20770	20770	e83bad2e1daf765b	e83bad2e1daf765b	NA	NA	NA	NA	no	
factors	figure-html/unnamed-chunk-19-1.png	image	match	22042	22042	b99cd2e1b0580488	b99cd2e1b0580488	NA	NA	NA	NA	no	
factors	figure-html/unnamed-chunk-19-2.png	image	match	23625	23625	0d6b12f5f8e7a300	0d6b12f5f8e7a300	NA	NA	NA	NA	no	
factors	figure-html/unnamed-chunk-20-1.png	image	match	31626	31626	9668f050ce6ce564	9668f050ce6ce564	NA	NA	NA	NA	no	
factors	figure-html/unnamed-chunk-20-2.png	image	match	31257	31257	f2696a7d1ba9e30d	f2696a7d1ba9e30d	NA	NA	NA	NA	no	
factors	figure-html/unnamed-chunk-21-1.png	image	match	105866	105866	d11ad3ceca5574d6	d11ad3ceca5574d6	NA	NA	NA	NA	no	
factors	figure-html/unnamed-chunk-29-1.png	image	match	48945	48945	00c2199e8990fb19	00c2199e8990fb19	NA	NA	NA	NA	no	
factors	figure-html/unnamed-chunk-30-1.png	image	match	17795	17795	fb8eb5e1f5fc7dcf	fb8eb5e1f5fc7dcf	NA	NA	NA	NA	no	
factors	figure-html/unnamed-chunk-7-1.png	image	match	18871	18871	2c94294e58edb5ea	2c94294e58edb5ea	NA	NA	NA	NA	no	
ggplot_basics	figure-html/unnamed-chunk-14-1.png	image	match	69633	69633	b40fb86375dd0395	b40fb86375dd0395	NA	NA	NA	NA	no	
ggplot_basics	figure-html/unnamed-chunk-15-1.png	image	match	15377	15377	f3930afd579c0452	f3930afd579c0452	NA	NA	NA	NA	no	
ggplot_basics	figure-html/unnamed-chunk-16-1.png	image	match	213527	213527	52ee5cd352a67b17	52ee5cd352a67b17	NA	NA	NA	NA	no	
ggplot_basics	figure-html/unnamed-chunk-16-2.png	image	match	20254	20254	f55e90e82f0a110c	f55e90e82f0a110c	NA	NA	NA	NA	no	
ggplot_basics	figure-html/unnamed-chunk-17-1.png	image	match	134646	134646	a4523fcdf7135d7c	a4523fcdf7135d7c	NA	NA	NA	NA	no	
ggplot_basics	figure-html/unnamed-chunk-17-2.png	image	match	155479	155479	c23158d8cd94a204	c23158d8cd94a204	NA	NA	NA	NA	no	
ggplot_basics	figure-html/unnamed-chunk-18-1.png	image	match	223823	223823	ee0dfe8c6176badd	ee0dfe8c6176badd	NA	NA	NA	NA	no	
ggplot_basics	figure-html/unnamed-chunk-20-1.png	image	match	277651	277651	d0c41f86bbfc966c	d0c41f86bbfc966c	NA	NA	NA	NA	no	
ggplot_basics	figure-html/unnamed-chunk-24-1.png	image	match	41962	41962	8ded3c4bd089ac65	8ded3c4bd089ac65	NA	NA	NA	NA	no	
ggplot_basics	figure-html/unnamed-chunk-27-1.png	image	match	66909	66909	d17d9d4edafca794	d17d9d4edafca794	NA	NA	NA	NA	no	
ggplot_basics	figure-html/unnamed-chunk-28-1.png	image	match	56032	56032	5167874801f01067	5167874801f01067	NA	NA	NA	NA	no	
ggplot_basics	figure-html/unnamed-chunk-29-1.png	image	match	284820	284820	619b16f064c2d103	619b16f064c2d103	NA	NA	NA	NA	no	
ggplot_basics	figure-html/unnamed-chunk-30-1.png	image	match	284634	284634	c568e69ed3d86667	c568e69ed3d86667	NA	NA	NA	NA	no	
ggplot_basics	figure-html/unnamed-chunk-31-1.png	image	match	135920	135920	e6d21c063e01602f	e6d21c063e01602f	NA	NA	NA	NA	no	
ggplot_basics	figure-html/unnamed-chunk-32-1.png	image	match	204279	204279	3e2414eedc884c92	3e2414eedc884c92	NA	NA	NA	NA	no	
ggplot_basics	figure-html/unnamed-chunk-32-2.png	image	match	206734	206734	f594c7efdcb858c9	f594c7efdcb858c9	NA	NA	NA	NA	no	
ggplot_basics	figure-html/unnamed-chunk-32-3.png	image	match	208455	208455	04943a995babf0c9	04943a995babf0c9	NA	NA	NA	NA	no	
ggplot_basics	figure-html/unnamed-chunk-32-4.png	image	match	207515	207515	860e35cefbde84b3	860e35cefbde84b3	NA	NA	NA	NA	no	
ggplot_basics	figure-html/unnamed-chunk-33-1.png	image	match	143809	143809	a88f719fa1a81ad3	a88f719fa1a81ad3	NA	NA	NA	NA	no	
ggplot_basics	figure-html/unnamed-chunk-34-1.png	image	match	39412	39412	37a463411982a05b	37a463411982a05b	NA	NA	NA	NA	no	
ggplot_basics	figure-html/unnamed-chunk-35-1.png	image	match	19453	19453	83d81b939f3c8320	83d81b939f3c8320	NA	NA	NA	NA	no	
ggplot_basics	figure-html/unnamed-chunk-35-2.png	image	match	18712	18712	722c68cbf5493be3	722c68cbf5493be3	NA	NA	NA	NA	no	
ggplot_basics	figure-html/unnamed-chunk-35-3.png	image	match	17688	17688	a7c65bc3f5ca94db	a7c65bc3f5ca94db	NA	NA	NA	NA	no	
ggplot_basics	figure-html/unnamed-chunk-35-4.png	image	match	18147	18147	423ae027fd994eea	423ae027fd994eea	NA	NA	NA	NA	no	
ggplot_basics	figure-html/unnamed-chunk-36-1.png	image	match	29631	29631	f1ad27efb494d613	f1ad27efb494d613	NA	NA	NA	NA	no	
ggplot_basics	figure-html/unnamed-chunk-36-2.png	image	match	81733	81733	9f18e953c835811d	9f18e953c835811d	NA	NA	NA	NA	no	
ggplot_basics	figure-html/unnamed-chunk-37-1.png	image	match	33105	33105	500512ba7fbc7ed7	500512ba7fbc7ed7	NA	NA	NA	NA	no	
ggplot_basics	figure-html/unnamed-chunk-37-2.png	image	match	68682	68682	514b240bc501dcde	514b240bc501dcde	NA	NA	NA	NA	no	
ggplot_basics	figure-html/unnamed-chunk-37-3.png	image	match	78948	78948	04cb46fed8c5ebb4	04cb46fed8c5ebb4	NA	NA	NA	NA	no	
ggplot_basics	figure-html/unnamed-chunk-37-4.png	image	match	84285	84285	8dfeb971dd189e2f	8dfeb971dd189e2f	NA	NA	NA	NA	no	
ggplot_basics	figure-html/unnamed-chunk-39-1.png	image	match	18084	18084	192a640fec60ac74	192a640fec60ac74	NA	NA	NA	NA	no	
ggplot_basics	figure-html/unnamed-chunk-39-2.png	image	match	30803	30803	4d541f932b7608b6	4d541f932b7608b6	NA	NA	NA	NA	no	
ggplot_basics	figure-html/unnamed-chunk-40-1.png	image	mismatch	233363	231175	36b3d1a38dc68929	5b4ebcf460f4f577	yes	13.7939	177974	1290240	yes	allowlisted (confirmed) -- README.md 'Task 1: settling run-to-run vs. instrumentation': A/A re-render test + set.seed() experiment directly proved unseeded geom_jitter()/geom_sina(), run-to-run
ggplot_basics	figure-html/unnamed-chunk-40-2.png	image	match	67490	67490	18f4c9fe660e6bd3	18f4c9fe660e6bd3	NA	NA	NA	NA	no	
ggplot_basics	figure-html/unnamed-chunk-41-1.png	image	mismatch	241595	245254	085e9efe10ed163b	ac92bee558af0589	yes	10.7425	138604	1290240	yes	allowlisted (confirmed) -- README.md 'Task 1: settling run-to-run vs. instrumentation': A/A re-render test + set.seed() experiment directly proved unseeded geom_jitter()/geom_sina(), run-to-run
ggplot_basics	figure-html/unnamed-chunk-42-1.png	image	match	70100	70100	22cc5b1d8402dd09	22cc5b1d8402dd09	NA	NA	NA	NA	no	
ggplot_basics	figure-html/unnamed-chunk-42-2.png	image	match	54612	54612	4ee47a0740169f58	4ee47a0740169f58	NA	NA	NA	NA	no	
ggplot_basics	figure-html/unnamed-chunk-46-1.png	image	match	22947	22947	6bd2a98eab39e732	6bd2a98eab39e732	NA	NA	NA	NA	no	
ggplot_basics	figure-html/unnamed-chunk-46-2.png	image	match	44227	44227	6625bdfb539ff221	6625bdfb539ff221	NA	NA	NA	NA	no	
ggplot_basics	figure-html/unnamed-chunk-48-1.png	image	match	12128	12128	8c4dc49dbb79a979	8c4dc49dbb79a979	NA	NA	NA	NA	no	
ggplot_basics	figure-html/unnamed-chunk-50-1.png	image	match	44797	44797	05b9fde624dff69f	05b9fde624dff69f	NA	NA	NA	NA	no	
ggplot_tips	figure-html/unnamed-chunk-11-1.png	image	match	20098	20098	50e486aeee2aad19	50e486aeee2aad19	NA	NA	NA	NA	no	
ggplot_tips	figure-html/unnamed-chunk-11-2.png	image	match	20511	20511	15c518dc9c08e763	15c518dc9c08e763	NA	NA	NA	NA	no	
ggplot_tips	figure-html/unnamed-chunk-14-1.png	image	match	49530	49530	401ee3215df8a030	401ee3215df8a030	NA	NA	NA	NA	no	
ggplot_tips	figure-html/unnamed-chunk-14-2.png	image	match	54421	54421	de97a7a7f6399757	de97a7a7f6399757	NA	NA	NA	NA	no	
ggplot_tips	figure-html/unnamed-chunk-15-1.png	image	match	57044	57044	e4a50a95d19b746f	e4a50a95d19b746f	NA	NA	NA	NA	no	
ggplot_tips	figure-html/unnamed-chunk-15-2.png	image	match	61200	61200	bf63b91dd1695f09	bf63b91dd1695f09	NA	NA	NA	NA	no	
ggplot_tips	figure-html/unnamed-chunk-15-3.png	image	match	66566	66566	beb52b76b3c47546	beb52b76b3c47546	NA	NA	NA	NA	no	
ggplot_tips	figure-html/unnamed-chunk-15-4.png	image	match	61117	61117	801ef95868bf7982	801ef95868bf7982	NA	NA	NA	NA	no	
ggplot_tips	figure-html/unnamed-chunk-16-1.png	image	match	38545	38545	c975664b22ca64ba	c975664b22ca64ba	NA	NA	NA	NA	no	
ggplot_tips	figure-html/unnamed-chunk-16-2.png	image	match	21176	21176	8a9d17dd33563f92	8a9d17dd33563f92	NA	NA	NA	NA	no	
ggplot_tips	figure-html/unnamed-chunk-16-3.png	image	match	34820	34820	4895a31b67b14921	4895a31b67b14921	NA	NA	NA	NA	no	
ggplot_tips	figure-html/unnamed-chunk-17-1.png	image	match	25831	25831	41a8fa15b0e1e480	41a8fa15b0e1e480	NA	NA	NA	NA	no	
ggplot_tips	figure-html/unnamed-chunk-18-1.png	image	match	187593	187593	f1904e4c88b46b74	f1904e4c88b46b74	NA	NA	NA	NA	no	
ggplot_tips	figure-html/unnamed-chunk-18-2.png	image	match	65944	65944	e29cccf084e54dc8	e29cccf084e54dc8	NA	NA	NA	NA	no	
ggplot_tips	figure-html/unnamed-chunk-20-1.png	image	match	91397	91397	a31cdd4726fc44f9	a31cdd4726fc44f9	NA	NA	NA	NA	no	
ggplot_tips	figure-html/unnamed-chunk-21-1.png	image	match	153780	153780	732defe51ab32f53	732defe51ab32f53	NA	NA	NA	NA	no	
ggplot_tips	figure-html/unnamed-chunk-22-1.png	image	match	62566	62566	3b4ff7353e14aaf3	3b4ff7353e14aaf3	NA	NA	NA	NA	no	
ggplot_tips	figure-html/unnamed-chunk-23-1.png	image	mismatch	36742	36887	374afc5255e8f720	9acf75b9acd27441	yes	3.3438	43143	1290240	yes	allowlisted (source-inspection-only) -- README.md 'Generated assets (figures) vs. book': unseeded ggrepel::geom_label_repel() stochastic label-repulsion layout; no set.seed() anywhere in the chapter source
ggplot_tips	figure-html/unnamed-chunk-24-1.png	image	mismatch	182417	182350	a4b0088f0e85fc3f	e17b8cbe2d9edfb6	yes	0.6625	8548	1290240	yes	allowlisted (source-inspection-only) -- README.md 'Generated assets (figures) vs. book': unseeded ggrepel::geom_label_repel() stochastic label-repulsion layout; no set.seed() anywhere in the chapter source
ggplot_tips	figure-html/unnamed-chunk-25-1.png	image	match	17663	17663	4e0d33bab8b0f215	4e0d33bab8b0f215	NA	NA	NA	NA	no	
ggplot_tips	figure-html/unnamed-chunk-26-1.png	image	match	15382	15382	65fdcf8f94d88b5c	65fdcf8f94d88b5c	NA	NA	NA	NA	no	
ggplot_tips	figure-html/unnamed-chunk-27-1.png	image	match	15523	15523	977cd86f83abf49f	977cd86f83abf49f	NA	NA	NA	NA	no	
ggplot_tips	figure-html/unnamed-chunk-28-1.png	image	mismatch	210354	210360	8e1b936fdfef6c0a	af5b483bafbf2c81	yes	0.0007	9	1290240	yes	allowlisted (source-inspection-only) -- README.md 'Generated assets (figures) vs. book': 0.0007% (9 of 1,290,240 pixels) -- antialiasing-scale rendering noise, not a content difference
ggplot_tips	figure-html/unnamed-chunk-30-1.png	image	match	29786	29786	1d05cb3bc8fd1d44	1d05cb3bc8fd1d44	NA	NA	NA	NA	no	
ggplot_tips	figure-html/unnamed-chunk-32-1.png	image	match	56835	56835	12c475782190c2c6	12c475782190c2c6	NA	NA	NA	NA	no	
ggplot_tips	figure-html/unnamed-chunk-33-1.png	image	match	59718	59718	88dd04e6a43a50bf	88dd04e6a43a50bf	NA	NA	NA	NA	no	
ggplot_tips	figure-html/unnamed-chunk-34-1.png	image	match	71693	71693	399ea4eaf45c58b0	399ea4eaf45c58b0	NA	NA	NA	NA	no	
ggplot_tips	figure-html/unnamed-chunk-35-1.png	image	match	21532	21532	e6d1a02dcececf7a	e6d1a02dcececf7a	NA	NA	NA	NA	no	
ggplot_tips	figure-html/unnamed-chunk-36-1.png	image	match	53116	53116	f6a2fa116d2946cc	f6a2fa116d2946cc	NA	NA	NA	NA	no	
ggplot_tips	figure-html/unnamed-chunk-37-1.png	image	match	62641	62641	2329a5ef3518d3eb	2329a5ef3518d3eb	NA	NA	NA	NA	no	
ggplot_tips	figure-html/unnamed-chunk-5-1.png	image	match	19143	19143	111f67f277f6c884	111f67f277f6c884	NA	NA	NA	NA	no	
ggplot_tips	figure-html/unnamed-chunk-6-1.png	image	match	141208	141208	acc646040152388e	acc646040152388e	NA	NA	NA	NA	no	
ggplot_tips	figure-html/unnamed-chunk-6-2.png	image	match	182826	182826	2e74ec9eb5fdb22e	2e74ec9eb5fdb22e	NA	NA	NA	NA	no	
ggplot_tips	figure-html/unnamed-chunk-6-3.png	image	match	157316	157316	67adef94fabc4fd8	67adef94fabc4fd8	NA	NA	NA	NA	no	
ggplot_tips	figure-html/unnamed-chunk-6-4.png	image	match	38695	38695	985b42026deab8b8	985b42026deab8b8	NA	NA	NA	NA	no	
ggplot_tips	figure-html/unnamed-chunk-7-1.png	image	match	27909	27909	01f73abce4a8a76b	01f73abce4a8a76b	NA	NA	NA	NA	no	
ggplot_tips	figure-html/unnamed-chunk-7-2.png	image	match	31446	31446	d95c98ebf907e173	d95c98ebf907e173	NA	NA	NA	NA	no	
ggplot_tips	figure-html/unnamed-chunk-8-1.png	image	match	27909	27909	01f73abce4a8a76b	01f73abce4a8a76b	NA	NA	NA	NA	no	
ggplot_tips	figure-html/unnamed-chunk-8-2.png	image	match	60533	60533	8d2c615c075e44ef	8d2c615c075e44ef	NA	NA	NA	NA	no	
ggplot_tips	figure-html/unnamed-chunk-9-1.png	image	match	24942	24942	f8f2ce6d029c4f39	f8f2ce6d029c4f39	NA	NA	NA	NA	no	
ggplot_tips	figure-html/unnamed-chunk-9-2.png	image	match	26252	26252	a0769d910964945c	a0769d910964945c	NA	NA	NA	NA	no	
heatmaps	figure-html/unnamed-chunk-19-1.png	image	match	54682	54682	ef13eee4b51ea0a1	ef13eee4b51ea0a1	NA	NA	NA	NA	no	
heatmaps	figure-html/unnamed-chunk-31-1.png	image	match	59090	59090	63dcabd48d4255aa	63dcabd48d4255aa	NA	NA	NA	NA	no	
heatmaps	figure-html/unnamed-chunk-32-1.png	image	match	91370	91370	8c0f157a672adeea	8c0f157a672adeea	NA	NA	NA	NA	no	
heatmaps	figure-html/unnamed-chunk-36-1.png	image	match	91391	91391	c65204aed50452f7	c65204aed50452f7	NA	NA	NA	NA	no	
heatmaps	figure-html/unnamed-chunk-37-1.png	image	match	138991	138991	e0b757d7a72f3f06	e0b757d7a72f3f06	NA	NA	NA	NA	no	
interactive_plots	figure-html/unnamed-chunk-11-1.png	image	match	92494	92494	727a954e465f3dd3	727a954e465f3dd3	NA	NA	NA	NA	no	
interactive_plots	figure-html/unnamed-chunk-7-1.png	image	match	51171	51171	c4878316879f83ca	c4878316879f83ca	NA	NA	NA	NA	no	
iteration	figure-html/unnamed-chunk-16-1.png	image	match	41338	41338	51b133a9e3205fd4	51b133a9e3205fd4	NA	NA	NA	NA	no	
iteration	figure-html/unnamed-chunk-17-1.png	image	match	43125	43125	d174c2992def5332	d174c2992def5332	NA	NA	NA	NA	no	
iteration	figure-html/unnamed-chunk-17-2.png	image	match	45501	45501	915544e2a3239810	915544e2a3239810	NA	NA	NA	NA	no	
iteration	figure-html/unnamed-chunk-17-3.png	image	match	50117	50117	0b28b45e4324ff77	0b28b45e4324ff77	NA	NA	NA	NA	no	
iteration	figure-html/unnamed-chunk-17-4.png	image	match	46450	46450	a662aed47102d9ae	a662aed47102d9ae	NA	NA	NA	NA	no	
iteration	figure-html/unnamed-chunk-17-5.png	image	match	41260	41260	62fd5c8dfa244068	62fd5c8dfa244068	NA	NA	NA	NA	no	
iteration	figure-html/unnamed-chunk-17-6.png	image	match	41414	41414	851137731e44e99e	851137731e44e99e	NA	NA	NA	NA	no	
iteration	figure-html/unnamed-chunk-43-1.png	image	match	43200	43200	9b82195426a113a6	9b82195426a113a6	NA	NA	NA	NA	no	
missing_data	figure-html/unnamed-chunk-19-1.png	image	match	87073	87073	df14728a5b783e3c	df14728a5b783e3c	NA	NA	NA	NA	no	
missing_data	figure-html/unnamed-chunk-20-1.png	image	match	115952	115952	f8f69a578546f549	f8f69a578546f549	NA	NA	NA	NA	no	
missing_data	figure-html/unnamed-chunk-21-1.png	image	match	34304	34304	9f1ce8af46aee136	9f1ce8af46aee136	NA	NA	NA	NA	no	
missing_data	figure-html/unnamed-chunk-22-1.png	image	match	227841	227841	6c5f1a54e4b7049c	6c5f1a54e4b7049c	NA	NA	NA	NA	no	
missing_data	figure-html/unnamed-chunk-23-1.png	image	match	85802	85802	ba2005322d2d798f	ba2005322d2d798f	NA	NA	NA	NA	no	
missing_data	figure-html/unnamed-chunk-24-1.png	image	match	95994	95994	5ad24be7d83ff597	5ad24be7d83ff597	NA	NA	NA	NA	no	
missing_data	figure-html/unnamed-chunk-26-1.png	image	match	74202	74202	68761e3f284bf5d5	68761e3f284bf5d5	NA	NA	NA	NA	no	
missing_data	figure-html/unnamed-chunk-29-1.png	image	match	112288	112288	0d31b8744cbb7a61	0d31b8744cbb7a61	NA	NA	NA	NA	no	
moving_average	figure-html/unnamed-chunk-10-1.png	image	match	40658	40658	b3f5efd7b72e0a56	b3f5efd7b72e0a56	NA	NA	NA	NA	no	
moving_average	figure-html/unnamed-chunk-13-1.png	image	match	114146	114146	c623bf86a77da597	c623bf86a77da597	NA	NA	NA	NA	no	
moving_average	figure-html/unnamed-chunk-14-1.png	image	match	88204	88204	25b3d598f597eb2e	25b3d598f597eb2e	NA	NA	NA	NA	no	
phylogenetic_trees	figure-html/phylogenetic_trees_adding_sampledata-1.png	image	match	444928	444928	3712a54ea83b05a1	3712a54ea83b05a1	NA	NA	NA	NA	no	
phylogenetic_trees	figure-html/phylogenetic_trees_collapse_452-1.png	image	match	342762	342762	32eaf7bb79d22722	32eaf7bb79d22722	NA	NA	NA	NA	no	
phylogenetic_trees	figure-html/phylogenetic_trees_example_formats-1.png	image	match	18073	18073	969fe1229faf401c	969fe1229faf401c	NA	NA	NA	NA	no	
phylogenetic_trees	figure-html/phylogenetic_trees_example_formats-2.png	image	match	22685	22685	d6aac944e803d249	d6aac944e803d249	NA	NA	NA	NA	no	
phylogenetic_trees	figure-html/phylogenetic_trees_example_formats-3.png	image	match	17531	17531	5031d4aecf8ff4d2	5031d4aecf8ff4d2	NA	NA	NA	NA	no	
phylogenetic_trees	figure-html/phylogenetic_trees_example_formats-4.png	image	match	107384	107384	2aa039717716d2ed	2aa039717716d2ed	NA	NA	NA	NA	no	
phylogenetic_trees	figure-html/phylogenetic_trees_inspect_subset_example-1.png	image	match	152901	152901	76049ab8abc38ad7	76049ab8abc38ad7	NA	NA	NA	NA	no	
phylogenetic_trees	figure-html/phylogenetic_trees_overview_graph-1.png	image	match	234417	234417	3a5b65d27ab770e5	3a5b65d27ab770e5	NA	NA	NA	NA	no	
phylogenetic_trees	figure-html/phylogenetic_trees_rotating_1-1.png	image	match	121986	121986	ea915de7cccfcea1	ea915de7cccfcea1	NA	NA	NA	NA	no	
phylogenetic_trees	figure-html/phylogenetic_trees_rotating_2-1.png	image	match	124718	124718	4e20bf6a55cdcff1	4e20bf6a55cdcff1	NA	NA	NA	NA	no	
phylogenetic_trees	figure-html/phylogenetic_trees_sampledata_heatmap-1.png	image	match	71576	71576	7645295af7ac894b	7645295af7ac894b	NA	NA	NA	NA	no	
phylogenetic_trees	figure-html/phylogenetic_trees_sampledata_heatmap_cip_MIC-1.png	image	match	171912	171912	6a9e9f866243a442	6a9e9f866243a442	NA	NA	NA	NA	no	
phylogenetic_trees	figure-html/phylogenetic_trees_sampledata_heatmap_cip_genes-1.png	image	match	179706	179706	9bf1f9b3296a1406	9bf1f9b3296a1406	NA	NA	NA	NA	no	
phylogenetic_trees	figure-html/phylogenetic_trees_sampledata_heatmap_gender-1.png	image	match	161254	161254	a525041d8dd49f8f	a525041d8dd49f8f	NA	NA	NA	NA	no	
phylogenetic_trees	figure-html/phylogenetic_trees_sampledata_heatmap_linear_1-1.png	image	match	40532	40532	0719ff2bfcc90a0e	0719ff2bfcc90a0e	NA	NA	NA	NA	no	
phylogenetic_trees	figure-html/phylogenetic_trees_sampledata_heatmap_linear_2-1.png	image	match	99187	99187	f3e4d0cb28a96321	f3e4d0cb28a96321	NA	NA	NA	NA	no	
phylogenetic_trees	figure-html/phylogenetic_trees_sampledata_heatmap_linear_3-1.png	image	match	115897	115897	82720a859660b4ea	82720a859660b4ea	NA	NA	NA	NA	no	
phylogenetic_trees	figure-html/phylogenetic_trees_sampledata_heatmap_linear_4-1.png	image	match	115395	115395	d3a508690b716d80	d3a508690b716d80	NA	NA	NA	NA	no	
phylogenetic_trees	figure-html/phylogenetic_trees_subsetting-1.png	image	match	552578	552578	ab99ce4ae8be6142	ab99ce4ae8be6142	NA	NA	NA	NA	no	
phylogenetic_trees	figure-html/phylogenetic_trees_zoom_in-1.png	image	match	327022	327022	c41a9a8b2fd1a705	c41a9a8b2fd1a705	NA	NA	NA	NA	no	
phylogenetic_trees	figure-html/phylogenetic_trees_zoom_in_452-1.png	image	match	120690	120690	5039a0e557197ac7	5039a0e557197ac7	NA	NA	NA	NA	no	
phylogenetic_trees	figure-html/unnamed-chunk-12-1.png	image	match	343249	343249	9c42f65118ac5a34	9c42f65118ac5a34	NA	NA	NA	NA	no	
phylogenetic_trees	figure-html/unnamed-chunk-14-1.png	image	match	38154	38154	ec8057a791a74c1e	ec8057a791a74c1e	NA	NA	NA	NA	no	
phylogenetic_trees	figure-html/unnamed-chunk-16-1.png	image	match	38298	38298	785514a01e2172a7	785514a01e2172a7	NA	NA	NA	NA	no	
phylogenetic_trees	figure-html/unnamed-chunk-17-1.png	image	match	125799	125799	d99a8f4d845592d1	d99a8f4d845592d1	NA	NA	NA	NA	no	
phylogenetic_trees	figure-html/unnamed-chunk-18-1.png	image	match	126970	126970	a822746cd3a087ce	a822746cd3a087ce	NA	NA	NA	NA	no	
pivoting	figure-html/unnamed-chunk-10-1.png	image	match	19479	19479	2fe2676ca9d29783	2fe2676ca9d29783	NA	NA	NA	NA	no	
pivoting	figure-html/unnamed-chunk-16-1.png	image	match	35192	35192	bba55ead57d6b693	bba55ead57d6b693	NA	NA	NA	NA	no	
pivoting	figure-html/unnamed-chunk-17-1.png	image	match	31932	31932	217f56e386108b08	217f56e386108b08	NA	NA	NA	NA	no	
pivoting	figure-html/unnamed-chunk-23-1.png	image	match	20786	20786	77f0f8fb35eba86f	77f0f8fb35eba86f	NA	NA	NA	NA	no	
pivoting	figure-html/unnamed-chunk-27-1.png	image	match	19176	19176	e1576aaa512babe8	e1576aaa512babe8	NA	NA	NA	NA	no	
pivoting	figure-html/unnamed-chunk-34-1.png	image	match	25202	25202	6c54435d41cf889c	6c54435d41cf889c	NA	NA	NA	NA	no	
regression	figure-html/easystats_forest-1.png	image	match	65184	65184	2b899404932de516	2b899404932de516	NA	NA	NA	NA	no	
regression	figure-html/geom_smooth-1.png	image	match	138971	138971	3dd575eb30cb4400	3dd575eb30cb4400	NA	NA	NA	NA	no	
regression	figure-html/ggplot_forest-1.png	image	match	28634	28634	42a381c4279f53e7	42a381c4279f53e7	NA	NA	NA	NA	no	
regression	figure-html/lin_reg_res_plot-1.png	image	match	137249	137249	d172fe7e36bd9028	d172fe7e36bd9028	NA	NA	NA	NA	no	
shiny_basics	figure-html/unnamed-chunk-25-1.png	image	match	32273	32273	6e38959aee391a64	6e38959aee391a64	NA	NA	NA	NA	no	
shiny_basics	figure-html/unnamed-chunk-8-1.png	image	match	32431	32431	479bea2d9fa57ac1	479bea2d9fa57ac1	NA	NA	NA	NA	no	
stat_tests	figure-html/unnamed-chunk-20-1.png	image	match	28600	28600	69e37b4918fa5f65	69e37b4918fa5f65	NA	NA	NA	NA	no	
survey_analysis	figure-html/visualise_population_flow-1.png	image	match	48724	48724	b1b6396bc7f31afe	b1b6396bc7f31afe	NA	NA	NA	NA	no	
survey_analysis	figure-html/weighted_age_pyramid-1.png	image	match	92666	92666	46285ab72f1abb0f	46285ab72f1abb0f	NA	NA	NA	NA	no	
survival_analysis	figure-html/forestp-1.png	image	match	35093	35093	05dbcbcf2ad7aafc	05dbcbcf2ad7aafc	NA	NA	NA	NA	no	
survival_analysis	figure-html/unnamed-chunk-13-1.png	image	match	21279	21279	92adc8316939248e	92adc8316939248e	NA	NA	NA	NA	no	
survival_analysis	figure-html/unnamed-chunk-14-1.png	image	match	26595	26595	116d86eda5829324	116d86eda5829324	NA	NA	NA	NA	no	
survival_analysis	figure-html/unnamed-chunk-15-1.png	image	match	38482	38482	e872c5d6530eb19e	e872c5d6530eb19e	NA	NA	NA	NA	no	
survival_analysis	figure-html/unnamed-chunk-17-1.png	image	match	78321	78321	4061056a23d4c888	4061056a23d4c888	NA	NA	NA	NA	no	
survival_analysis	figure-html/unnamed-chunk-18-1.png	image	match	88742	88742	32370d110cd93f2d	32370d110cd93f2d	NA	NA	NA	NA	no	
survival_analysis	figure-html/unnamed-chunk-19-1.png	image	match	160991	160991	f1347338977ac036	f1347338977ac036	NA	NA	NA	NA	no	
survival_analysis	figure-html/unnamed-chunk-28-1.png	image	match	21026	21026	7319a34e7bb0b40c	7319a34e7bb0b40c	NA	NA	NA	NA	no	
tables_descriptive	figure-html/unnamed-chunk-29-1.png	image	match	30768	30768	1a84861515de5fae	1a84861515de5fae	NA	NA	NA	NA	no	
time_series	figure-html/autocorrelation-1.png	image	match	27020	27020	7cfe067003f32ce8	7cfe067003f32ce8	NA	NA	NA	NA	no	
time_series	figure-html/autocorrelation-2.png	image	match	27622	27622	bcc5caa70f561681	bcc5caa70f561681	NA	NA	NA	NA	no	
time_series	figure-html/basic_plot-1.png	image	match	97622	97622	21826eca423c88bb	21826eca423c88bb	NA	NA	NA	NA	no	
time_series	figure-html/basic_plot_bivar-1.png	image	match	108115	108115	7f0e024792df8dfa	7f0e024792df8dfa	NA	NA	NA	NA	no	
time_series	figure-html/decomposition-1.png	image	match	103656	103656	dc0b412c57012d50	dc0b412c57012d50	NA	NA	NA	NA	no	
time_series	figure-html/forecast_plot-1.png	image	match	122255	122255	4ea87bb804095f49	4ea87bb804095f49	NA	NA	NA	NA	no	
time_series	figure-html/missings-1.png	image	match	96832	96832	0cb60b819c11d291	0cb60b819c11d291	NA	NA	NA	NA	no	
time_series	figure-html/moving_averages-1.png	image	match	150556	150556	9cba7681c49e31a0	9cba7681c49e31a0	NA	NA	NA	NA	no	
time_series	figure-html/nb_reg-1.png	image	match	122284	122284	86253607e8b55377	86253607e8b55377	NA	NA	NA	NA	no	
time_series	figure-html/periodogram-1.png	image	match	37508	37508	c82f2c5526699ed5	c82f2c5526699ed5	NA	NA	NA	NA	no	
time_series	figure-html/plot_farrington-1.png	image	match	87400	87400	c4ed7494bd4ad888	c4ed7494bd4ad888	NA	NA	NA	NA	no	
time_series	figure-html/plot_glrnb-1.png	image	match	84874	84874	2bdeec5cf3a1eff6	2bdeec5cf3a1eff6	NA	NA	NA	NA	no	
time_series	figure-html/plot_interrupted-1.png	image	match	118420	118420	4cd3f6039adbaf1e	4cd3f6039adbaf1e	NA	NA	NA	NA	no	
time_series	figure-html/plot_nb_reg_bivar-1.png	image	match	122716	122716	d42865182fec0bf6	d42865182fec0bf6	NA	NA	NA	NA	no	
time_series	figure-html/unnamed-chunk-2-1.png	image	match	115245	115245	86b203775c496735	86b203775c496735	NA	NA	NA	NA	no	
time_series	figure-html/unnamed-chunk-2-2.png	image	match	22569	22569	31fab12e5981b2d5	31fab12e5981b2d5	NA	NA	NA	NA	no	
time_series	figure-html/unnamed-chunk-2-3.png	image	match	9697	9697	7f9edf394823bc54	7f9edf394823bc54	NA	NA	NA	NA	no	
time_series	figure-html/unnamed-chunk-2-4.png	image	match	63354	63354	e7ed4e9b6a7bb67c	e7ed4e9b6a7bb67c	NA	NA	NA	NA	no	
time_series	figure-html/unnamed-chunk-3-1.png	image	match	103207	103207	a66bc75d9fbd1c87	a66bc75d9fbd1c87	NA	NA	NA	NA	no	
time_series	figure-html/unnamed-chunk-3-2.png	image	match	22943	22943	04fe0df2a56ad9e9	04fe0df2a56ad9e9	NA	NA	NA	NA	no	
time_series	figure-html/unnamed-chunk-3-3.png	image	match	16969	16969	e5f2652b411e98c3	e5f2652b411e98c3	NA	NA	NA	NA	no	
time_series	figure-html/unnamed-chunk-3-4.png	image	match	58772	58772	4ef59059de3a17fe	4ef59059de3a17fe	NA	NA	NA	NA	no	
transmission_chains	figure-html/transmission_chains_cluster-1.png	image	match	18215	18215	22d4b789efb7c528	22d4b789efb7c528	NA	NA	NA	NA	no	
transmission_chains	figure-html/transmission_chains_pairwise-1.png	image	match	17916	17916	e74869b2104bcf59	e74869b2104bcf59	NA	NA	NA	NA	no	
