lang	chapter	similarity	rendered_words	ref_words	rendered_sha16	ref_sha16
en	age_pyramid	0.9901	4488	4491	b00aaa4b0a2a4a17	77afdd97b356bbb3
en	basics	0.9978	12294	12297	04a6c6cf84845f63	021b7a02e252a8f3
en	characters_strings	0.9950	6863	6866	87fa020ce57666b2	79c56a7130a85c2d
en	cleaning	0.9980	15079	15082	03ca5349b8d77ba5	1f7c3a5d79410c40
en	collaboration	0.9902	6913	6917	e9708938d154ec0f	e17ea5df4bdba18c
en	combination_analysis	0.9695	1327	1330	11e8103331af652e	d1adbe7f5315f9d3
en	contact_tracing	0.9946	5109	5112	1d86a9344dfe3197	8fe3cbbcafa91c57
en	data_table	0.9802	2295	2298	a069c98be6703159	7c37490fa06a6a0f
en	data_used	0.9882	2407	2410	7cad7b5b4554bade	7049065d16b31379
en	dates	0.9913	5557	5560	b5e767210fc69122	1f28618ac57f0f11
en	deduplication	0.9938	4272	4275	f27cf2c088b9d8ac	4f11fb7179be2719
en	diagrams	0.9831	2684	2687	864f57c560b80b1c	c4c716c777329d34
en	directories	0.8800	2078	2088	bdea970afb96482a	48cd35e318cdcc7a
en	editorial_style	0.9620	1823	1832	0673e316bd76e10b	7a6090dee89f9276
en	epicurves	0.9956	10518	10521	647720a6f6397bf8	9d5b6e6d3bf287be
en	epidemic_models	0.9941	4861	4864	9f21d003559ee0b8	7f9162775f95f58e
en	errors	0.9638	1062	1065	7d5a86042bbe687d	665aa42978d4234b
en	factors	0.9940	4399	4402	4b2dc6e7a0e88f1e	91dd6c8f19835936
en	flexdashboard	0.9839	3575	3578	a5d686355de46107	190fccc04d5d5c1a
en	ggplot_basics	0.9939	9911	9914	988ab12c62507b52	852ac0f6ab4ab049
en	ggplot_tips	0.9920	7936	7939	1a20c1703d1139af	da2c68a065c680e2
en	gis	NA	NA	NA	NA	1249d69b27a769bb
en	grouping	0.9939	4537	4540	bd79784ba46cf705	8021295487c1878b
en	heatmaps	0.9895	3867	3870	43c3b585cba2cfd1	9258946c46a426eb
en	help	0.9639	1205	1208	5245fee1639be172	3e64fef7d42e31ec
en	importing	0.9956	6465	6468	f439c5c5f024b477	cf497682d86a54dc
en	interactive_plots	0.9753	1722	1725	3d09173cb065be9d	23f6e41bf2474161
en	iteration	0.9963	8031	8034	f90ae0109b230b37	cad3f1c6d0a7d9b7
en	joining_matching	0.9954	6889	6892	028f17a14736d9bb	ee8e6c8208166e2c
en	missing_data	0.9948	5810	5819	ff2546875f7bd2c3	362fecf3dfa9587c
en	moving_average	0.9879	2278	2281	ac152b7974bfd2c4	7a2fc17ecc14a715
en	network_drives	0.9692	1477	1480	a060bc388eed9925	e3136db44ed747ef
en	packages_suggested	0.9730	1129	1132	b7289df7ea030cbb	5c5ccec7f90a57cc
en	phylogenetic_trees	0.9912	4851	4854	6984f3b6379cb0d7	c30c0ac4a907c671
en	pivoting	0.9942	4726	4729	51feb8e98cff806e	c9258a02595be63a
en	r_projects	0.9704	1028	1031	a97e9fbb48d65e5c	3a375cac10408f9a
en	regression	0.9946	5500	5503	adba68fd1535b2c7	15adda203715a477
en	reportfactory	0.9767	2037	2040	ff5980d8c750a35f	7739c0de091172c7
en	rmarkdown	0.9919	6709	6712	2927c32d2866d259	9fd6787251946756
en	shiny_basics	0.9950	10645	10648	8129ff23c8227af7	d8518ae08d48d7c4
en	standardization	0.9917	3328	3331	c8690b0b5683c59c	0388832a895c76a4
en	stat_tests	0.9907	3074	3077	699166168a96a96a	5529432fa4817d39
en	survey_analysis	0.9958	6594	6597	eb6d8ee20ec2380c	092e58fa74479416
en	survival_analysis	0.9887	6439	6528	b3ca7439636cfc78	4e4493464cb17879
en	tables_descriptive	0.9971	9638	9641	e19d7e8c091fe976	b678eefa43d09bdb
en	tables_presentation	0.9902	4843	4846	9399d3962bd6957a	74c5c78cf6114c75
en	time_series	0.9966	9919	9928	643b69531fc4810c	0cf7364f7817bc8d
en	transition_to_R	0.9900	2850	2853	325ce2368078595e	7203122113928574
en	transmission_chains	0.9804	4748	4754	1127c9ae5e0b8006	7c836e0b7f9be8a4
en	writing_functions	0.9873	4279	4290	b67e8f9bcb73ca6c	27f4d5f8d8f0e9dc
fr	age_pyramid	0.9908	5088	5092	4e154c2e2dff9eca	fd997587e96ef081
fr	basics	0.9978	13703	13707	d40c047c7941188d	41e907e50a4a94e8
fr	characters_strings	0.9953	7793	7797	badcb71877417d7e	1425f7248eb0cb01
fr	cleaning	0.9981	16837	16841	bc4c3dbf96aa8ca7	36cbd9b113d10856
fr	collaboration	0.9908	7578	7583	13a0a6bc83ca6e00	52acb5da4a83be74
fr	combination_analysis	0.9711	1452	1456	9e9e47f8cd1eae4f	b4de75757a142c62
fr	contact_tracing	0.9949	5652	5656	fa62bab11bb2a59a	beb7d0974a20f018
fr	data_table	0.9809	2557	2561	2624f2834d1a3582	3cb1ba6902683a26
fr	data_used	0.9879	2636	2640	7a1eaabf65af4313	5ed19982ed7aa04b
fr	dates	0.9924	6409	6413	489327db23a20488	545e8f1657299f08
fr	deduplication	0.9943	4704	4708	6c35780effd280b7	aef42de64645d7eb
fr	diagrams	0.9849	3044	3048	4b73cb99491fc0a6	0de069e4e34af630
fr	directories	0.9348	2226	2237	77325aeb4af27be6	af2b3a0c789489a2
fr	editorial_style	0.9681	2161	2171	9d963dc6d164a38b	ad3452279c865b68
fr	epicurves	0.9960	11911	11915	277a46e18f3e8bd7	8dfcdd2e62f73a4d
fr	epidemic_models	0.9945	5271	5275	8d985c304bd0534e	2d3b46fecf0fd460
fr	errors	0.9678	1208	1212	f154b820879efd4b	3e6c3e244cdc5adc
fr	factors	0.9944	4859	4863	933ff6212155d214	db7b0ddb1186384c
fr	flexdashboard	0.9861	4107	4111	626bbaf81e6bd66b	24c1a74cfecfa8da
fr	ggplot_basics	0.9946	11611	11615	aad80310b73289fc	af614f1bc6ef42c4
fr	ggplot_tips	0.9925	8964	8968	3bf6b790f45f2286	9bcf8068ea5fad7c
fr	grouping	0.9940	5193	5197	44473795a062f29b	8957a850e32d81f6
fr	heatmaps	0.9907	4411	4415	e7e307d2fddaf7a3	c26934405761f743
fr	help	0.9692	1362	1366	8d13ecdb3e00e157	8a96fdf0932a86ed
fr	importing	0.9957	7166	7170	b06380afa0064386	968b1146a20c16d4
fr	interactive_plots	0.9773	1894	1898	3650eec86366bd8f	38a26534f489ebbf
fr	iteration	0.9965	8682	8686	72a5d3d92db44822	7de7ad108d7aba90
fr	joining_matching	0.9956	7441	7445	b4ecc159795d3df0	80e4934f85027b7c
fr	missing_data	0.9952	6415	6425	26d915912378cde3	bcf6c2988229d700
fr	moving_average	0.9891	2571	2575	970770d0426d5b6b	c4d9c038f563bdfd
fr	network_drives	0.9746	1727	1731	a7c91c93c04f18c4	62e5737fe424410a
fr	packages_suggested	0.9785	1346	1350	708963d0d511ab4c	0d41781be6d3485a
fr	phylogenetic_trees	0.9916	5226	5230	d784b64d3cc6bcfa	f7764cbbb6dc9437
fr	pivoting	0.9943	5082	5086	447e273668f774a7	2cf2ef69859a0cfa
fr	r_projects	0.9761	1172	1176	0075936d567e7d7b	d09def2e45ceaae2
fr	regression	0.9949	5921	5925	0a17798916a3d8c4	d7f2e940fa552b35
fr	reportfactory	0.9779	2263	2267	bf2a5e9735b9f9e0	4d08905b38d5d6f6
fr	rmarkdown	0.9925	7552	7556	fdc88ea56d09ef43	d1fe06e52245d4af
fr	shiny_basics	0.9950	11234	11238	f2e0622c296f15eb	f75a9daffbc52022
fr	standardization	0.9927	3839	3843	9703f82a4f6eb111	391409436ad6c255
fr	stat_tests	0.9914	3370	3374	0cd838932dcb1294	383a71169b6661bf
fr	survey_analysis	0.9962	7311	7315	e40a1ee897243b5d	124f4387bffe251c
fr	survival_analysis	0.9893	7026	7115	9450917ef0e5d22e	6167b6bde6e4935f
fr	tables_descriptive	0.9973	10454	10458	b1e37626bb43a937	2b739ccca06beacb
fr	tables_presentation	0.9910	5517	5520	466f31297c920e20	c880a9a045c51b20
fr	time_series	0.9967	10650	10660	41a891110ec25c4d	9b0c4f973aa5be62
fr	transmission_chains	0.9811	5097	5104	e1f18f6aca3d8004	3639c222f80021e7
fr	writing_functions	0.9878	4491	4503	b1a0e6ebdb69d90b	4f6728e96d7b111e
es	age_pyramid	0.9888	4875	4882	375097c89d0cff4d	1c2761a2be24356f
es	basics	0.9974	13319	13326	820fcdc82ee2b029	4585fb9eb2a3e1ce
es	characters_strings	0.9952	7334	7341	8f6d756e59769fcb	249731dec68ae7d2
es	cleaning	0.9979	16152	16159	192f8757f9000e2c	05131fad400b3bfc
es	collaboration	0.9906	7210	7218	41430950a4164b9b	49162f6f437e2031
es	combination_analysis	0.9654	1397	1404	ec0504c72de52615	c6a1f923767f1ef6
es	contact_tracing	0.9945	5508	5515	304255a57768df8d	b3b043aa6e94a62d
es	data_table	0.9782	2454	2461	0e7bfcf8d1764ef5	96aa88f3a24e8413
es	data_used	0.9872	2696	2703	6fcc517710299f40	b95eaffe19456e40
es	dates	0.9911	6144	6151	f1622d845e2f61fe	2ec769eb38c4c168
es	deduplication	0.9924	4542	4549	b1a95f7f348a95ac	2ca8b947c8b0a7d7
es	diagrams	0.9839	2950	2957	5fc7030278d013c1	fecef0a5dfcbf833
es	directories	0.8835	2164	2178	a0c28c01f6a405bb	fa37a10a6a16496c
es	editorial_style	0.9642	1934	1947	001cdaa3df38bfba	231289d086503197
es	epicurves	0.9957	11483	11490	e775539a5108620a	455fdd10f96cc628
es	epidemic_models	0.9934	5224	5231	a892c41db0d39671	d34972c8dc6952ef
es	errors	0.9654	1167	1174	7a49df6323f81492	0b55cc840ed80e2d
es	factors	0.9938	4772	4779	2a4bb9a80db694c3	93cb58cf762db8a5
es	flexdashboard	0.9837	3950	3957	b30cd0766f338eb7	88765029b4dc9439
es	ggplot_basics	0.9939	10979	10986	cd49bbdda3372af2	d3be203427436632
es	ggplot_tips	0.9922	8301	8308	ffbd11263a4ee2ec	46438ac3307a4c4b
es	grouping	0.9928	4799	4806	244aa3a512bf2395	5c53c52279ddbb83
es	heatmaps	0.9886	4233	4240	f148033943e0a605	ac45be60944a2f8e
es	help	0.9603	1293	1300	adfe0866c5f2c955	8149628df6a535b8
es	importing	0.9951	6978	6985	193e6023ce25c578	c4107c099d62b9cf
es	interactive_plots	0.9750	1814	1821	abcd5701cc85d786	1438c8eb137615fc
es	iteration	0.9959	8484	8491	22c2bfa7e5061af3	2a4656aa2fc5c159
es	joining_matching	0.9953	7122	7129	40cb3475fc08c0c4	1af39a9f882515d4
es	missing_data	0.9940	6224	6237	906a773bcb11ec46	de68f5e45ace2b13
es	moving_average	0.9857	2408	2415	5cdb12e7e67cfcfd	d550c10ef2869d54
es	network_drives	0.9605	1655	1662	6295993daf9a2f81	6f08e86b77d2172a
es	packages_suggested	0.9705	1267	1274	b6ac3361fb5606df	8a8b0d10b9aea1f4
es	phylogenetic_trees	0.9897	5102	5109	a3b0a548c1e8089d	fcfb2ccf84c2f259
es	pivoting	0.9940	4918	4925	376286c0b06dda26	d9a4090cedcb22e1
es	r_projects	0.9716	1142	1149	c8f4ab456bf6761f	9600e5228cbac6f4
es	regression	0.9930	5921	5940	a571c8527b9c1924	8d5daef97c6279b6
es	reportfactory	0.9736	2178	2185	0cbc40a5a80cf3b2	8511f48470fa8585
es	rmarkdown	0.9917	7253	7260	f2e20677e3a459b8	3038f978f0ef8343
es	shiny_basics	0.9945	10951	10958	570248720e472a73	0ad17d15d8085f6f
es	standardization	0.9907	3693	3700	a82906175ba65b9e	40a75327c9e6f722
es	stat_tests	0.9911	3310	3317	153db1ca5005b23f	0f2f4e110937854e
es	survey_analysis	0.9951	7085	7092	cfd1d23fcd97ef4e	bbea4573dc41d6aa
es	survival_analysis	0.9889	6918	7014	59bb1b3a71b726e7	30125a065cef3908
es	tables_descriptive	0.9966	10136	10143	9c8bc302accb0567	2490947e73d69076
es	tables_presentation	0.9899	5085	5094	fd0969063717c006	d641b901825c2b13
es	time_series	0.9964	10478	10491	9738eb5c8cb4c422	9718790fefeb34d9
es	transmission_chains	0.9814	5101	5111	dbe8f6503a4f475b	9cbfd4fb7295dc41
es	writing_functions	0.9860	4388	4403	0ca7a34a1b8a0d65	9bceace47da40483
vn	age_pyramid	0.9910	5372	5377	d7eb1748930c1411	945b59ad58de350e
vn	basics	0.9981	15798	15803	211a5f306443033f	5765b9c1f36b528a
vn	characters_strings	0.9958	8611	8616	9ceadeaad82102b5	6c21b08f6ce55005
vn	cleaning	0.9980	18123	18128	42885f8d43566da6	297e16b7f20c6233
vn	collaboration	0.9927	9229	9235	55da97f122185a59	99d30b4b40bc39f6
vn	combination_analysis	0.9745	1705	1710	629f4d1499bbc915	c110c6bb9902ba16
vn	contact_tracing	0.9952	6395	6400	a415830c547626a3	692cbd03f81a518a
vn	data_table	0.9830	2729	2734	93b50ce29d029266	fe011effed1ffd63
vn	data_used	0.9901	3179	3184	8c7ac7b15d3262d6	11d5dd4c1f6cc86d
vn	dates	0.9928	7106	7111	8805fa7f5eb37d40	77fd3c6b6fd6102f
vn	deduplication	0.9942	5293	5298	14e1bd354160daa9	76aa183f044d70b9
vn	diagrams	0.9856	3367	3372	e4052d0708752ab8	8a0ce2edb9bcc9c5
vn	directories	0.9446	2611	2623	27e2c572c3354a48	8972093aafb3d78b
vn	editorial_style	0.9685	2330	2341	531fc76ad1a9288f	aac9a4c704f6138c
vn	epicurves	0.9958	11827	11832	ce7747ef7893551e	2efbb36a293c5b62
vn	epidemic_models	0.9948	6080	6085	8ec0aa3be9cd3a32	68c63948188b2aea
vn	errors	0.9694	1451	1456	17ff0d4cdcff6cfb	a19975334f27f423
vn	factors	0.9944	5759	5764	763e0660e3bdaa7f	66b504e390354a8b
vn	flexdashboard	0.9880	4613	4618	2e104e38ec8dee46	b47607a7b7dee128
vn	ggplot_basics	0.9949	12342	12347	0d277426af01ec5d	29ed7f0c2ea74abc
vn	ggplot_tips	0.9930	9435	9440	73f5cc9544a3c6e6	fca65fa89fcfa07e
vn	grouping	0.9946	5476	5481	69de7503096ec6b2	44781d0ba2162e0e
vn	heatmaps	0.9911	4751	4756	2863cc9bdcf28fe5	3333f23281f8d4b4
vn	help	0.9742	1682	1687	94b5debac1f2c574	5d8c3d94848f3e1b
vn	importing	0.9962	8106	8111	626abed0f42c11c3	23f33bee314291a5
vn	interactive_plots	0.9788	2142	2147	64a37ab2d3974db1	b4eedd4f80fa5ed4
vn	iteration	0.9966	9640	9645	59f29b4b96b400c9	d985a63f7a9e1049
vn	joining_matching	0.9960	8329	8334	9df04975e088675c	e0825417dae35eb6
vn	missing_data	0.9958	7794	7805	e59df5bce7b9fe30	c69b25701190ce9c
vn	moving_average	0.9897	2952	2957	b5f68d893c59a8cc	1794906406cd5679
vn	network_drives	0.9775	1975	1980	d1ea3ef1aafc2f21	7822648f154ca727
vn	packages_suggested	0.9780	1336	1341	50c1a679f482b377	c66776802adf9cba
vn	phylogenetic_trees	0.9922	5672	5677	c7c254c95e190bad	b9953362034b66ea
vn	pivoting	0.9946	5680	5685	3d705385878676c7	3836bba7c19520ec
vn	r_projects	0.9792	1419	1424	5eecd78b97267ae0	96081fa8b0d50d1b
vn	regression	0.9951	6653	6658	901da57a512924a2	fc05707f97f1cfca
vn	reportfactory	0.9803	2617	2622	d7afc700974eae7d	6f5b4ef97862641a
vn	rmarkdown	0.9934	8547	8552	4618238ce4598c2b	471f6edf9ac16f0a
vn	shiny_basics	0.9958	12884	12889	f26da8ab6ad622c3	1b937939c97b1f54
vn	standardization	0.9928	4237	4242	61892f399b2c830a	f5c099213fad9322
vn	stat_tests	0.9911	3778	3783	a9a21e77ce56bf53	adf1f194145b7b7d
vn	survey_analysis	0.9961	7771	7776	6747972382924b85	365729f4873e4fa4
vn	survival_analysis	0.9903	7876	7968	f0670a0c7adcc6ba	ca8423fe7fa64689
vn	tables_descriptive	0.9974	11345	11350	655be7511135280e	5ec5f4a38df3e261
vn	tables_presentation	0.9909	5520	5524	531b457076c4fe92	631a9aebfcd88365
vn	time_series	0.9969	11585	11596	33a8e1d8cad1b1fc	a7e6102f181c7f5c
vn	transmission_chains	0.9838	5804	5812	0cc521e22368fe83	0a082c7901557d54
vn	writing_functions	0.9887	4911	4924	85a421f14c328134	4d934eb9704adfb5
jp	age_pyramid	0.9835	2548	2552	3316c0cc096f9880	427b974df53572f8
jp	basics	0.9935	4333	4337	28131d45f82d56fd	ab97c8bad443cefd
jp	characters_strings	0.9910	3645	3649	cddb20482879e65c	75ba6a0651f15c49
jp	cleaning	0.9964	7552	7556	184903db1aafb94f	154161bcc1e57fa1
jp	collaboration	0.9628	1731	1736	e44ee0b15ca32626	360289ca125793ae
jp	combination_analysis	0.9492	786	790	56e6b515e7b89c0b	25be86e13c660ab9
jp	contact_tracing	0.9905	2840	2844	a6d9c614c3322549	f9f476a68a2042bd
jp	data_table	0.9620	1208	1212	0def56aadf98deab	cb33f7ca3908e23d
jp	data_used	0.9649	796	800	492ab9656a6cd7e1	0c7c3e6aef940d14
jp	dates	0.9772	2104	2108	0aeeb8c97132425b	c849c51c4480eae5
jp	deduplication	0.9874	2135	2139	7c527ad990883dc7	9ad1f4ab26bf4425
jp	diagrams	0.9716	1545	1549	c71ca1dfdf5f8f53	be7a3a385543b0dc
jp	directories	0.7987	1244	1255	2a1ac7026db83786	85531a1a49c6e17d
jp	editorial_style	0.8779	740	750	476f8399ad7750c9	b89480747bf191a6
jp	epicurves	0.9920	5981	5985	a742b8fa195f5be3	052221a256e87a35
jp	epidemic_models	0.9886	2449	2453	397a3aae2df0caab	03e22daf6c4b8a3e
jp	errors	0.9272	534	538	855c15a3cfcf1dc0	e33a3f2083ced304
jp	factors	0.9868	2036	2040	31ef7dd6fef7f631	923434bcf35684e5
jp	flexdashboard	0.9566	1218	1222	3d85e7145cd38f93	671f63dd9c49ce33
jp	ggplot_basics	0.9863	4444	4448	410183e4e1e9bdff	b42278026c4578c5
jp	ggplot_tips	0.9850	4187	4191	9a84c57e2786abc3	6e61ba1363eaeeb2
jp	grouping	0.9885	2356	2360	bd58555aaefcaf8e	1b16d577b1b06fca
jp	heatmaps	0.9796	1955	1959	3235a23d4cd3c286	19e4ecbbf87cf8bc
jp	help	0.9189	491	495	3bce6b057c1850f9	0d5ef5f2d6b795c1
jp	importing	0.9884	2409	2413	fced5b7228fdfff1	4dc2c797a3a2bf80
jp	interactive_plots	0.9555	941	945	1b9bb26d64d55ea8	9e7407eea44f25a5
jp	iteration	0.9920	3368	3372	146633863b89cc06	24421dbb422fdc9a
jp	joining_matching	0.9907	3338	3342	f3360229e16b87fb	f2fc2c9b892b8bd7
jp	missing_data	0.9869	2280	2290	b9d230e30fc4d1b9	cf8c33484f4355e2
jp	moving_average	0.9731	1039	1043	7a18ce629284aea9	1a02645dd8952ccd
jp	network_drives	0.9291	590	594	52d2d0c24b9ef21f	58d6f27a28c5adbf
jp	packages_suggested	0.9509	568	572	0d9f3a3c5c2d9028	582da1caa8948f8e
jp	phylogenetic_trees	0.9842	2658	2662	c135c9d0fac569f9	35be4cdbaa5eb92c
jp	pivoting	0.9902	2750	2754	f2cb2c67fcc76228	b4602303f5f89121
jp	r_projects	0.9359	435	439	feb5dac639c38a19	a59dcaad5ea5161c
jp	regression	0.9914	3121	3125	ab1589325fbb0ade	e0e6fda251fb00e9
jp	reportfactory	0.9435	812	816	9441b247912ebdae	5d92cfd9b2cf564a
jp	rmarkdown	0.9752	2173	2177	249d8af33c0e3528	eabf20c99309a84f
jp	shiny_basics	0.9887	4704	4708	768e1fc8491124f7	6dac679e7b145b57
jp	standardization	0.9815	1455	1459	ef511a803598a1b6	80765c2156e16673
jp	stat_tests	0.9854	1851	1855	f6f9ef394fb269a5	e0b7c5483aafc143
jp	survey_analysis	0.9921	3403	3407	dfb6d423bff1718c	4c1a917609bd632f
jp	survival_analysis	0.9778	3204	3296	776087d037c3b450	8d0063f350d94fd4
jp	tables_descriptive	0.9951	5526	5530	77410f37d59cad9a	8e1b94aa1f735315
jp	tables_presentation	0.9852	3077	3082	5b1afb0ddd6e4fa8	53a786cc25826461
jp	time_series	0.9931	4354	4364	9d2242966ec49ef6	5cfa874667ab6a9a
jp	transmission_chains	0.9651	2677	2684	ce1255957c63c3cd	28715b7a2a1eee76
jp	writing_functions	0.9780	2445	2457	43d620c76cdea08e	d918a555fe5cd0f3
pt	age_pyramid	0.9824	2635	2640	b4f35bcd7418e545	4c7a7d0931bb38ee
pt	basics	0.9977	13045	13050	6750f28b021b1183	43c783c5ca67c91a
pt	characters_strings	0.9950	7226	7231	bce8ebbb7c45bf2f	d7efc4c715c21ffb
pt	cleaning	0.9981	15696	15701	66e8a97cab36c3ef	ff8b6a0aa0bd2ba3
pt	collaboration	0.9904	6891	6897	1b86a058303d8e2c	6fd26ab21e9fefc6
pt	combination_analysis	0.9714	1482	1487	58e0afa64f94ad8a	236689214bfe59a1
pt	contact_tracing	0.9944	5465	5470	bae8bd71e5d422cf	1589c5c9da2fb8f0
pt	data_table	0.9794	2401	2406	d1bddb20948d2a5d	41dc703e59608a49
pt	data_used	0.9886	2663	2668	ea185d8256068af0	484b0970be4aff1f
pt	dates	0.9917	6062	6067	f2411831fc8496aa	3bbe723c9b9a59c7
pt	deduplication	0.9931	4440	4445	81eee5e6216acbc9	2d8055ce64625d10
pt	diagrams	0.9853	3021	3026	c8cc162416b0ae45	8bbe3a88cfb874b3
pt	directories	0.8835	2157	2169	7d004c722d229f66	a687434142347821
pt	editorial_style	0.9628	1890	1901	34c6ff0f127fbd5d	202ca6262f71e416
pt	epicurves	0.9957	11717	11722	c24bfe5e4756b256	775d28f826dd380f
pt	epidemic_models	0.9942	5267	5272	7c579679b91832d3	dc76214cc0db1a45
pt	errors	0.9656	1145	1150	b64cf9a3238c0e9c	567514a6f843d2b2
pt	factors	0.9936	4775	4780	8f81940d55e18a98	5d21dc2609e68c2d
pt	flexdashboard	0.9846	3800	3805	cb20822517106626	edce15d869be07ad
pt	ggplot_basics	0.9940	10665	10670	a496e43d29d473a8	09d12e9b0105e87c
pt	ggplot_tips	0.9922	8373	8378	a2e6188b9b0a043c	010e662bb85f88b1
pt	grouping	0.9936	4731	4736	63f9a9cc799fbd1e	a9965c21eeb5234e
pt	heatmaps	0.9897	4130	4135	63c226ef30d915d1	dedda61dc3641ecd
pt	help	0.9658	1297	1302	3d29e8e72f9997c2	40dd6455be99c7bc
pt	importing	0.9957	7071	7076	1d557a3a9794421c	a930004a64997208
pt	interactive_plots	0.9747	1834	1839	396e977ff987ea3c	b300dd34d9352b61
pt	iteration	0.9963	8166	8171	bfbc2f56eec63373	7698a58ecfc7e796
pt	joining_matching	0.9952	7224	7229	220007be8d905935	0bd8d6a1f69e36ad
pt	missing_data	0.9948	6492	6503	f88c421a113219aa	e443e85f5ce13fcf
pt	moving_average	0.9881	2568	2573	0aed3ec84eabf066	de520ce874af182c
pt	network_drives	0.9597	1649	1654	b14412a84dea69e2	5ad92b95ab77b729
pt	packages_suggested	0.9749	1211	1216	7d9d57ecc5a50a00	de2735fb92f11e0a
pt	phylogenetic_trees	0.9906	4920	4925	0a75db5683ed03b4	940ca07a8cb17a34
pt	pivoting	0.9938	4902	4907	7bbdf021274ac5dc	6e0ad5ad076bfc8a
pt	r_projects	0.9741	1097	1102	b2c4be075e56a3ac	b1623de82e209aba
pt	regression	0.9949	5956	5961	339d68444bb0b5ad	3d93746d22c14fc8
pt	reportfactory	0.9753	2126	2131	70c44123659deccb	349e6db108264854
pt	rmarkdown	0.9889	6979	6984	7251d459cf3a5570	05774c4b4a7f668d
pt	shiny_basics	0.9948	10848	10853	12c09717b19ba08c	753a42d20e114e5d
pt	standardization	0.9917	3687	3692	e401b2a812c45482	6b53ff368b6be323
pt	stat_tests	0.9911	3430	3435	c2e759b4bd41362a	2222653fbd1efe72
pt	survey_analysis	0.9956	6967	6972	6b329ef9427111d0	8105dc365dea7de0
pt	survival_analysis	0.9886	6703	6795	13c0135460e96666	14b0bab93e1a924b
pt	tables_descriptive	0.9972	10931	10936	47aec8feb38cb69f	fd4865279b9c9096
pt	tables_presentation	0.9905	5182	5187	b28c021ad1e722ce	8c3e1fc86190b710
pt	time_series	0.9969	10632	10643	c3295c57583c969c	b139664e932cb24f
pt	transmission_chains	0.9805	5028	5036	833cdd28397b1753	6ced813b7e43934e
pt	writing_functions	0.9866	4364	4377	daa7b375eabf101d	d57a34616baef242
tr	age_pyramid	0.9885	4130	4137	55ccc4a3b43dd69c	e5b2a3cbc9188ff3
tr	basics	0.9971	10175	10182	9cde93d2d1ea0869	a6889adec3a51595
tr	characters_strings	0.9940	6103	6110	c2d3b2d29a8d7675	d70f2f2149040b21
tr	cleaning	0.9975	13124	13131	e7112e0f4bc1530f	212592a81ed3cae6
tr	collaboration	0.9864	5353	5365	576bcf2e019308de	362c47773c68e77e
tr	combination_analysis	0.9645	1192	1199	659636ffe77c714d	abc030b61dc789e3
tr	contact_tracing	0.9936	4588	4595	2dd0755bc5fbecdc	d751d4b1bfe7b6b3
tr	data_table	0.9762	1991	1998	cb329f8d33b2ad33	de8172dad86b9dcb
tr	data_used	0.9857	2057	2064	23b528e8c5a28b38	597ad32b9015c7c7
tr	dates	0.9897	4794	4801	da8114829659fc07	db5bcc628c26afcc
tr	deduplication	0.9925	3806	3813	a57295a01ae2eab9	599a07fe4580f99e
tr	diagrams	0.9809	2486	2493	1fb16d585ce5f868	bf5c24c35414c10b
tr	directories	0.8649	1865	1879	7cf096154a3480cb	8a0f08d9f99088c0
tr	editorial_style	0.9557	1563	1576	cde02e57c6d91b6c	81b63598c7588f77
tr	epicurves	0.9950	9624	9631	e8b08e9a81c956a7	5a03d0e32e5b48e4
tr	epidemic_models	0.9931	4265	4272	2081914aa3368025	a949151d93be7cfd
tr	errors	0.9196	961	968	829516050a332719	9e94f57202880f06
tr	factors	0.9923	3716	3723	34adbbf847500827	869cee2547c29a8b
tr	flexdashboard	0.9818	3040	3047	73d46f1ef73a029c	8a3c5943f1bd5c36
tr	ggplot_basics	0.9926	8471	8478	aed9efb24381efea	9281fac1b76c4c7c
tr	ggplot_tips	0.9905	6915	6922	d781a100a027708b	40e79d0bbc0d70cc
tr	grouping	0.9926	3992	3999	bc592b7b06e91396	44728fb007e28baf
tr	heatmaps	0.9877	3458	3465	b8e9465da41a19a4	3bece0e44d5dfe2c
tr	help	0.9582	1036	1043	a083d6e1cbe72090	09961cb60911de6a
tr	importing	0.9943	5484	5491	d8f48a728aef4e0b	917ead7cd246cf83
tr	interactive_plots	0.9711	1536	1543	208e78e67d23c171	ce0a4fcd5d337847
tr	iteration	0.9954	6796	6803	c2cbfd0ea06ea0d6	8d9bd3616a7a6577
tr	joining_matching	0.9943	5867	5874	57532cfbc9235b86	bccfc81c0a3f451a
tr	missing_data	0.9935	4977	4990	d3ef6f8ee2b507d9	2529d3654d4210a7
tr	moving_average	0.9851	1978	1985	9f26368ec4dcfadb	9cf0a8e39f9dfa4d
tr	network_drives	0.9645	1223	1230	aba7c420c37d3c00	4f824c0cd84aa347
tr	packages_suggested	0.9717	1039	1046	74733128133290df	a830cffe9baee078
tr	phylogenetic_trees	0.9895	4235	4242	4bd813bbb7b8c7f5	d6d1a0dd6f471dab
tr	pivoting	0.9930	4230	4237	b7766ef0ee129d37	fc5e9a209190280e
tr	r_projects	0.9678	914	921	5a8138c1ec942915	25818163d4dc0caa
tr	regression	0.9931	4881	4888	f00bfe354ce4b801	b1f9b9254d2fddcd
tr	reportfactory	0.9703	1661	1668	19ca1b8bd94e213f	c90ef5c1e213b3c0
tr	rmarkdown	0.9898	5445	5452	29a30a1fecb6225e	82dbe671ea6b57a0
tr	shiny_basics	0.9941	9018	9025	348fc6f4c0364fe5	5bb2d209ac23ae03
tr	standardization	0.9902	2997	3004	9e1459d6c7336f54	5eb78ac507c9cc2e
tr	stat_tests	0.9895	2807	2814	06aa33a74bc30f80	181cf7d21da851ef
tr	survey_analysis	0.9951	5961	5968	fe5b89bdf962c764	803ff5ffb3f98d88
tr	survival_analysis	0.9864	5626	5722	bceabf4768ba1cd1	da1414f5367fd50d
tr	tables_descriptive	0.9966	8560	8567	21790382224c6829	a5224d61fecb63cb
tr	tables_presentation	0.9884	4374	4384	e0a0eca7a0ca8e34	a5ec6fac7816592f
tr	time_series	0.9958	8764	8777	5cce60031d480b54	0fd113a0612c7914
tr	transmission_chains	0.9774	4111	4121	0ab4b5de89aa05a4	6005aa992a7fbfa0
tr	writing_functions	0.9851	3775	3790	c56bb28e2115aab4	afaf31c498bb46f3
ru	age_pyramid	0.9895	4376	4380	bc20be49eed8466c	37fbf7b20378c4c2
ru	basics	0.9972	11394	11398	f6534f66459a4e22	a5c7545281c8fb47
ru	characters_strings	0.9946	6503	6507	951795164cde2fdb	7c5cabb8ec5d3959
ru	cleaning	0.9978	14374	14378	0b2dfb2aecd788b1	3afa9bc7d0c7e006
ru	collaboration	0.9879	6144	6149	d5893edece651f3c	5aa0f7144df71837
ru	combination_analysis	0.9647	1272	1276	450e3e86bee7d01d	ee8a49f0ca412edb
ru	contact_tracing	0.9935	4914	4918	961a625ca14a8482	445ba72608f83fde
ru	data_table	0.9784	2129	2133	aeea1fbc187d80a0	0b33ff0657b7b7f3
ru	data_used	0.9860	2289	2293	2a5b48a48ee1b951	c9fc77327c968bf0
ru	dates	0.9898	5191	5195	df5fabc960b1e720	f702cfaa72b36ffe
ru	deduplication	0.9924	4085	4089	5c0c4a9f32eea329	f70d32a4353341af
ru	diagrams	0.9808	2608	2612	d082c3a3322f843f	5dad9ef1dd57c883
ru	directories	0.8730	1967	1978	7c6388534a403f50	a1c8b97d59c0c098
ru	editorial_style	0.9594	1721	1731	d61b0adcbde37c31	f6d0cee378f08e8c
ru	epicurves	0.9951	10305	10309	9c69a4ea857c4ab6	32d3ba90f985d462
ru	epidemic_models	0.9939	4564	4568	0490748bf80f260f	7c349dc2db759956
ru	errors	0.9627	1043	1047	bd432493dd6ee3f5	83a7ea29d1c8f0b2
ru	factors	0.9925	4150	4154	f53b0f7c09e24cb7	acad907cf57fe3d0
ru	flexdashboard	0.9821	3350	3354	ccd84293dff5c718	7ab42a9f189019f8
ru	ggplot_basics	0.9931	9359	9363	8b3b7f315889885b	0273003fc1eac42e
ru	ggplot_tips	0.9909	7594	7598	8801a2475a04afde	6d8d41a45bacbf38
ru	grouping	0.9936	4399	4403	2c20c6004f84278a	215fdbee618f0aec
ru	heatmaps	0.9891	3744	3748	a00e024ccedd744a	2379560e8ec8079e
ru	help	0.9602	1130	1134	48eae6ec5a6c560a	aa07f6831edd82b9
ru	importing	0.9952	6048	6052	eafc491d7d97f88a	98a8b8b2f796d9f5
ru	interactive_plots	0.9713	1638	1642	c1a893493d92c6f2	968e1ed9c8061a78
ru	iteration	0.9959	7393	7397	4be159d3b4f46f84	85af81e2ffd0725c
ru	joining_matching	0.9944	6443	6447	37071fb2a3e086ba	ed2e3e388d174e89
ru	missing_data	0.9936	5448	5458	3775919cda01c6a5	ec329748f9b9003d
ru	moving_average	0.9851	2147	2151	a8cf7f4ad7edd995	e50bd5fd8f3df034
ru	network_drives	0.9673	1435	1439	855c7ce8d3d7c22a	1f949e0363e5d4d6
ru	packages_suggested	0.9716	1125	1129	46b6178df9b010e7	686b8e3058b36f84
ru	phylogenetic_trees	0.9905	4506	4510	a7bb8655ccf64601	42f55ee346b9e544
ru	pivoting	0.9939	4573	4577	6204673bd8096bc5	0cf63e61487e10d2
ru	r_projects	0.9679	994	998	0932ff795f69acd9	4fc851234f7287bb
ru	regression	0.9936	5299	5303	1f0ce39ffb2496dd	4ef9440f15df82cc
ru	reportfactory	0.9721	1863	1867	121752caf8d2c18f	1cc377385de60f7c
ru	rmarkdown	0.9901	6059	6063	89116a2974fca23f	cdda8bebe7949efe
ru	shiny_basics	0.9944	9674	9678	dbe6b6dc8969bb01	1310bc886a3b6026
ru	standardization	0.9912	3180	3184	4fac1d744a6340ec	5af90c5b147867b6
ru	stat_tests	0.9905	2960	2964	9be2e5683e1b8f7f	cd0390d31e2188b8
ru	survey_analysis	0.9955	6253	6257	445876a0c8d352ec	acab53df54d17a4f
ru	survival_analysis	0.9876	5944	6034	e1a95de8c7d8c372	17aacfb38cb39397
ru	tables_descriptive	0.9970	9362	9366	881daf0002dfc6e5	2e5498fdd80197e7
ru	tables_presentation	0.9899	4728	4732	00798f02041a4eef	37b0a14afdf5389d
ru	time_series	0.9963	9208	9218	3682b69fdaf2e153	91d8a491c579e7c1
ru	transmission_chains	0.9793	4458	4465	d4397ae789a850c0	945668d1a1176e02
ru	writing_functions	0.9862	3973	3985	b247c4b8882c987f	3038e965ea792319
