chapter	lang	change_class	lines_added	lines_removed
standardization	de	cut_dsr_section	0	124
standardization	es	cut_dsr_section	0	133
standardization	fr	cut_dsr_section	0	133
standardization	jp	cut_dsr_section	0	128
standardization	pt	cut_dsr_section	0	133
standardization	en	cut_dsr_section	0	133
standardization	ru	cut_dsr_section	0	133
standardization	tr	cut_dsr_section	0	128
standardization	vn	cut_dsr_section	0	133
survey_analysis	de	cut_sitrep_section	0	20
survey_analysis	es	cut_sitrep_section	0	20
survey_analysis	fr	cut_sitrep_section	0	20
survey_analysis	jp	cut_sitrep_section	0	20
survey_analysis	pt	cut_sitrep_section	0	19
survey_analysis	en	cut_sitrep_section	0	22
survey_analysis	ru	cut_sitrep_section	0	22
survey_analysis	tr	cut_sitrep_section	0	19
survey_analysis	vn	cut_sitrep_section	0	18
writing_functions	de	set_formatter_type	2	2
writing_functions	es	set_formatter_type	2	2
writing_functions	fr	set_formatter_type	2	2
writing_functions	jp	set_formatter_type	2	2
writing_functions	pt	set_formatter_type	2	2
writing_functions	en	set_formatter_type	2	2
writing_functions	ru	set_formatter_type	2	2
writing_functions	tr	set_formatter_type	2	2
writing_functions	vn	set_formatter_type	2	2
tables_descriptive	de	quantile_reframe	2	2
tables_descriptive	es	quantile_reframe	2	2
tables_descriptive	fr	quantile_reframe	2	2
tables_descriptive	jp	quantile_reframe	2	2
tables_descriptive	pt	quantile_reframe	2	2
tables_descriptive	en	quantile_reframe	2	2
tables_descriptive	ru	quantile_reframe	2	2
tables_descriptive	tr	quantile_reframe	2	2
tables_descriptive	vn	quantile_reframe	2	2
cleaning	de	fct_explicit_na	3	3
cleaning	es	fct_explicit_na	3	3
cleaning	fr	fct_explicit_na	3	3
cleaning	jp	fct_explicit_na	3	3
cleaning	pt	fct_explicit_na	3	3
cleaning	en	fct_explicit_na	3	3
cleaning	ru	fct_explicit_na	3	3
cleaning	tr	fct_explicit_na	3	3
cleaning	vn	fct_explicit_na	3	3
contact_tracing	de	fct_explicit_na	1	1
contact_tracing	es	fct_explicit_na	1	1
contact_tracing	fr	fct_explicit_na	1	1
contact_tracing	jp	fct_explicit_na	1	1
contact_tracing	pt	fct_explicit_na	1	1
contact_tracing	en	fct_explicit_na	1	1
contact_tracing	ru	fct_explicit_na	1	1
contact_tracing	tr	fct_explicit_na	1	1
contact_tracing	vn	fct_explicit_na	1	1
factors	de	fct_explicit_na	1	1
factors	es	fct_explicit_na	1	1
factors	fr	fct_explicit_na	1	1
factors	jp	fct_explicit_na	1	1
factors	pt	fct_explicit_na	1	1
factors	en	fct_explicit_na	1	1
factors	ru	fct_explicit_na	1	1
factors	tr	fct_explicit_na	1	1
factors	vn	fct_explicit_na	1	1
missing_data	de	fct_explicit_na	1	1
missing_data	es	fct_explicit_na	1	1
missing_data	fr	fct_explicit_na	1	1
missing_data	jp	fct_explicit_na	1	1
missing_data	pt	fct_explicit_na	1	1
missing_data	en	fct_explicit_na	1	1
missing_data	ru	fct_explicit_na	1	1
missing_data	tr	fct_explicit_na	1	1
missing_data	vn	fct_explicit_na	1	1
tables_descriptive	de	fct_explicit_na	1	1
tables_descriptive	es	fct_explicit_na	1	1
tables_descriptive	fr	fct_explicit_na	1	1
tables_descriptive	jp	fct_explicit_na	1	1
tables_descriptive	pt	fct_explicit_na	1	1
tables_descriptive	en	fct_explicit_na	1	1
tables_descriptive	ru	fct_explicit_na	1	1
tables_descriptive	tr	fct_explicit_na	1	1
tables_descriptive	vn	fct_explicit_na	1	1
age_pyramid	de	size_linewidth	1	1
age_pyramid	es	size_linewidth	1	1
age_pyramid	fr	size_linewidth	1	1
age_pyramid	jp	size_linewidth	1	1
age_pyramid	pt	size_linewidth	1	1
age_pyramid	en	size_linewidth	1	1
age_pyramid	ru	size_linewidth	1	1
age_pyramid	tr	size_linewidth	1	1
age_pyramid	vn	size_linewidth	1	1
epicurves	de	size_linewidth	6	6
epicurves	es	size_linewidth	6	6
epicurves	fr	size_linewidth	6	6
epicurves	jp	size_linewidth	6	6
epicurves	pt	size_linewidth	6	6
epicurves	en	size_linewidth	6	6
epicurves	ru	size_linewidth	6	6
epicurves	tr	size_linewidth	6	6
epicurves	vn	size_linewidth	6	6
ggplot_basics	de	size_linewidth	6	6
ggplot_basics	es	size_linewidth	6	6
ggplot_basics	fr	size_linewidth	6	6
ggplot_basics	jp	size_linewidth	6	6
ggplot_basics	pt	size_linewidth	6	6
ggplot_basics	en	size_linewidth	6	6
ggplot_basics	ru	size_linewidth	6	6
ggplot_basics	tr	size_linewidth	6	6
ggplot_basics	vn	size_linewidth	6	6
heatmaps	de	size_linewidth	3	3
heatmaps	es	size_linewidth	3	3
heatmaps	fr	size_linewidth	3	3
heatmaps	jp	size_linewidth	3	3
heatmaps	pt	size_linewidth	3	3
heatmaps	en	size_linewidth	3	3
heatmaps	ru	size_linewidth	3	3
heatmaps	tr	size_linewidth	3	3
heatmaps	vn	size_linewidth	3	3
interactive_plots	de	size_linewidth	1	1
interactive_plots	es	size_linewidth	1	1
interactive_plots	fr	size_linewidth	1	1
interactive_plots	jp	size_linewidth	1	1
interactive_plots	pt	size_linewidth	1	1
interactive_plots	en	size_linewidth	1	1
interactive_plots	ru	size_linewidth	1	1
interactive_plots	tr	size_linewidth	1	1
interactive_plots	vn	size_linewidth	1	1
missing_data	de	size_linewidth	1	1
missing_data	es	size_linewidth	1	1
missing_data	fr	size_linewidth	1	1
missing_data	jp	size_linewidth	1	1
missing_data	pt	size_linewidth	1	1
missing_data	en	size_linewidth	1	1
missing_data	ru	size_linewidth	1	1
missing_data	tr	size_linewidth	1	1
missing_data	vn	size_linewidth	1	1
moving_average	de	size_linewidth	4	4
moving_average	es	size_linewidth	4	4
moving_average	fr	size_linewidth	4	4
moving_average	jp	size_linewidth	4	4
moving_average	pt	size_linewidth	4	4
moving_average	en	size_linewidth	4	4
moving_average	ru	size_linewidth	4	4
moving_average	tr	size_linewidth	4	4
moving_average	vn	size_linewidth	4	4
time_series	de	size_linewidth	2	2
time_series	es	size_linewidth	2	2
time_series	fr	size_linewidth	2	2
time_series	jp	size_linewidth	2	2
time_series	pt	size_linewidth	2	2
time_series	en	size_linewidth	2	2
time_series	ru	size_linewidth	2	2
time_series	tr	size_linewidth	2	2
time_series	vn	size_linewidth	2	2
iteration	de	across_lambda	1	1
iteration	es	across_lambda	1	1
iteration	fr	across_lambda	1	1
iteration	jp	across_lambda	1	1
iteration	pt	across_lambda	1	1
iteration	en	across_lambda	1	1
iteration	ru	across_lambda	1	1
iteration	tr	across_lambda	1	1
iteration	vn	across_lambda	1	1
missing_data	de	across_lambda	5	6
missing_data	es	across_lambda	5	6
missing_data	fr	across_lambda	5	6
missing_data	jp	across_lambda	5	6
missing_data	pt	across_lambda	5	6
missing_data	en	across_lambda	5	6
missing_data	ru	across_lambda	5	6
missing_data	tr	across_lambda	5	6
missing_data	vn	across_lambda	5	6
regression	de	across_lambda	6	6
regression	es	across_lambda	6	6
regression	fr	across_lambda	6	6
regression	jp	across_lambda	6	6
regression	pt	across_lambda	6	6
regression	en	across_lambda	6	6
regression	ru	across_lambda	6	6
regression	tr	across_lambda	6	6
regression	vn	across_lambda	6	6
survey_analysis	de	across_lambda	2	3
survey_analysis	es	across_lambda	2	3
survey_analysis	fr	across_lambda	2	3
survey_analysis	jp	across_lambda	2	3
survey_analysis	pt	across_lambda	2	3
survey_analysis	en	across_lambda	2	3
survey_analysis	ru	across_lambda	2	3
survey_analysis	tr	across_lambda	2	3
survey_analysis	vn	across_lambda	2	3
tables_descriptive	de	across_lambda	3	6
tables_descriptive	es	across_lambda	3	6
tables_descriptive	fr	across_lambda	3	6
tables_descriptive	jp	across_lambda	3	6
tables_descriptive	pt	across_lambda	3	6
tables_descriptive	en	across_lambda	3	6
tables_descriptive	ru	across_lambda	3	6
tables_descriptive	tr	across_lambda	3	6
tables_descriptive	vn	across_lambda	3	6
time_series	de	ggtime_load	1	0
time_series	es	ggtime_load	1	0
time_series	fr	ggtime_load	1	0
time_series	jp	ggtime_load	1	0
time_series	pt	ggtime_load	1	0
time_series	en	ggtime_load	1	0
time_series	ru	ggtime_load	1	0
time_series	tr	ggtime_load	1	0
time_series	vn	ggtime_load	1	0
tables_descriptive	de	tbl_summary_by_label	0	1
tables_descriptive	es	tbl_summary_by_label	0	1
tables_descriptive	fr	tbl_summary_by_label	0	1
tables_descriptive	jp	tbl_summary_by_label	0	1
tables_descriptive	pt	tbl_summary_by_label	0	1
tables_descriptive	en	tbl_summary_by_label	0	1
tables_descriptive	ru	tbl_summary_by_label	0	1
tables_descriptive	tr	tbl_summary_by_label	0	1
tables_descriptive	vn	tbl_summary_by_label	0	1
